,nombre_partido,ano,Unnamed:0,codigo_partido,votos,Nuevo_S,Nuevo_P,EGIVECTOR,DEGREECENTR,CLOSESNES,BETWEENES,SECTORSOCIAL,Educación,Salud,Trabajo,Agricultura,JUSTICIAYSEGURIDAD,Justicia,Defensa,PoliciaNacional,INFRAESTRUCTURA,ObrasPúblicas,MinasyEnergía,Comunicaciones,ADMON.DELESTADOYOTROS,Gobierno,RelacionesExteriores,Hacienda,Desarrollo,CongresoNacional,C.G.R,DepartamentosAdmin.*,Otros**,DEUDAPUBLICA(intereses),GASTOTOTAL,SECTOR_SOCIAL_PER,JUSTICIA_SEGURIDAD_PER,INFRAESTRUCTURA_PER,ADMON_ESTADO_PER,DEUDA_PUBLICA_PER,Prop_S,Prop_P
0,ALIANZA NACIONAL POPULAR - ANAPO,1974.0,167.0909090909091,19610001.0,0.0,1.0,1.0,0.0022661170676278,0.1092685815812851,0.4259061334452743,0.0407707273998853,17455.0,6542.0,5870.0,937.0,2897.0,6604.0,1432.0,2950.0,2222.0,3822.0,2910.0,697.0,214.0,7177.0,465.0,306.0,3477.0,1838.0,258.0,316.0,517.0,,1948.0,37005.0,47.16930144575057,17.846236995000673,10.328334008917714,19.394676395081746,5.264153492771248,0.9837662337662336,1.0
1,ALIANZA NACIONAL POPULAR - ANAPO,1994.0,246.0,19610001.0,0.0,1.0,1.0,9.52771600780197e-28,0.0,0.0,0.0,3942935.0,1638210.0,1289981.0,351458.0,396707.0,2165134.0,643956.0,982375.0,538803.0,848354.0,766500.0,67707.0,14147.0,2901675.0,145358.0,54673.0,2154616.0,82377.0,54452.0,63614.0,346585.0,64610.0,639584.0,10497682.0,37.56005373376713,20.62487699665507,8.081345958088653,27.641102102349837,6.092621209139313,0.908745247148289,0.2205323193916349
2,ALIANZA NACIONAL POPULAR - ANAPO,1998.0,247.0,19610001.0,0.0,1.0,1.0,2.79385495728354e-18,0.0038167938931296,0.0068702290076335,0.0,,,,,,,,,,,,,,,,,,,,,,,,,,,,,,0.9239543726235742,0.3307984790874524
3,ALIANZA NACIONAL POPULAR - ANAPO,2002.0,249.0,19610001.0,119022.0,1.0,0.0,3.933539052538445e-23,0.0,0.0,0.0,,,,,,,,,,,,,,,,,,,,,,,,,,,,,,0.914179104477612,0.4962686567164179
4,ALIANZA RESERVA ACCION CIVICA,1994.0,92.0,19940067.0,0.0,1.0,1.0,9.52771600780197e-28,0.0,0.0,0.0,3942935.0,1638210.0,1289981.0,351458.0,396707.0,2165134.0,643956.0,982375.0,538803.0,848354.0,766500.0,67707.0,14147.0,2901675.0,145358.0,54673.0,2154616.0,82377.0,54452.0,63614.0,346585.0,64610.0,639584.0,10497682.0,37.56005373376713,20.62487699665507,8.081345958088653,27.641102102349837,6.092621209139313,0.908745247148289,0.2205323193916349
5,"ASOCIACION DE AFROCOLOMBIANOS PARA LA VIVIENDA, DEPORTE, EDUCACION Y SALUD - PARTIDO AFROVIDES",2010.0,262.0,20100007.0,0.0,1.0,1.0,2.304977268133593e-67,0.0,0.0,0.0,,,,,,,,,,,,,,,,,,,,,,,,,,,,,,0.9320754716981132,0.5245283018867924
6,ASOCIACION DE ESTUDIANTES AFROCOLOMBIANOS DE LA FUNDACION UNIVERSIDAD AUTONOMA DE COLOMBIA - AEAFUAC,2002.0,261.0,20020026.0,0.0,1.0,1.0,3.933539052538445e-23,0.0,0.0,0.0,,,,,,,,,,,,,,,,,,,,,,,,,,,,,,0.914179104477612,0.4962686567164179
7,CAMBIO DEMOCRACIA MALCON,1994.0,158.0,19940065.0,0.0,1.0,1.0,9.52771600780197e-28,0.0,0.0,0.0,3942935.0,1638210.0,1289981.0,351458.0,396707.0,2165134.0,643956.0,982375.0,538803.0,848354.0,766500.0,67707.0,14147.0,2901675.0,145358.0,54673.0,2154616.0,82377.0,54452.0,63614.0,346585.0,64610.0,639584.0,10497682.0,37.56005373376713,20.62487699665507,8.081345958088653,27.641102102349837,6.092621209139313,0.908745247148289,0.2205323193916349
8,COALICION AMPLIA DE SALVACION REGIONAL - CASAR,1991.0,124.0,19910019.0,0.0,1.0,1.0,3.568781805391961e-21,0.0,0.0,0.0,1465590.0,585298.0,541837.0,82085.0,141240.0,684023.0,159391.0,344994.0,179638.0,284646.0,217615.0,55951.0,11080.0,1555208.0,40554.0,25838.0,1119542.0,153837.0,20014.0,30848.0,164575.0,46038.0,300973.0,4290440.0,34.15943353129283,15.942956899525456,6.634424441316042,36.24821696609206,7.014968161773617,0.9125475285171104,0.3079847908745247
9,COALICION CAMARA ANTIOQUIA.  CAMBIO RADICAL Y COLOMBIA SIEMPRE,2002.0,41.0,20020053.0,0.0,0.0,1.0,3.933539052538445e-23,0.0,0.0,0.0,,,,,,,,,,,,,,,,,,,,,,,,,,,,,,0.914179104477612,0.4962686567164179
10,COALICION CAMARA CALDAS.  CAMBIO RADICAL Y CONVERGENCIA POPULAR,2002.0,1.0,20020056.0,0.0,1.0,1.0,3.933539052538445e-23,0.0,0.0,0.0,,,,,,,,,,,,,,,,,,,,,,,,,,,,,,0.914179104477612,0.4962686567164179
11,COALICION CAMARA CALDAS.  CAMBIO RADICAL Y SALVACION NACIONAL,2002.0,256.0,20020058.0,0.0,1.0,1.0,3.933539052538445e-23,0.0,0.0,0.0,,,,,,,,,,,,,,,,,,,,,,,,,,,,,,0.914179104477612,0.4962686567164179
12,COALICION CAMARA CAQUETA.  PARTIDO CONSERVADOR Y PARTIDO POPULAR,2002.0,185.0,20020063.0,0.0,1.0,1.0,0.0025002418358139,0.0711610486891385,0.3375731435949561,0.0408590234454398,,,,,,,,,,,,,,,,,,,,,,,,,,,,,,0.914179104477612,0.4962686567164179
13,COALICION CAMARA CAQUETA.  PARTIDO LIBERAL Y MOVIMIENTO CIVICO INDEPENDIENTE,2002.0,175.0,20020090.0,0.0,1.0,1.0,3.933539052538445e-23,0.0,0.0,0.0,,,,,,,,,,,,,,,,,,,,,,,,,,,,,,0.914179104477612,0.4962686567164179
14,COALICION CAMARA CASANARE.  MOVIMIENTO COMUNAL Y COMUNITARIO Y CAMBIO RADICAL,2002.0,227.0,20020062.0,0.0,1.0,1.0,3.933539052538445e-23,0.0,0.0,0.0,,,,,,,,,,,,,,,,,,,,,,,,,,,,,,0.914179104477612,0.4962686567164179
15,COALICION CAMARA CUNDINAMARCA.  PARTIDO CONSERVADOR Y SOMOS COLOMBIA,2002.0,231.0,20020088.0,0.0,1.0,1.0,3.933539052538445e-23,0.0,0.0,0.0,,,,,,,,,,,,,,,,,,,,,,,,,,,,,,0.914179104477612,0.4962686567164179
16,COALICION CAMARA CUNDINAMARCA.  PARTIDO LIBERAL Y SOMOS COLOMBIA,2002.0,148.0,20020100.0,0.0,1.0,1.0,0.0542489494144369,0.1910112359550561,0.3061361767856698,0.0,,,,,,,,,,,,,,,,,,,,,,,,,,,,,,0.914179104477612,0.4962686567164179
17,COALICION CAMARA LA GUAJIRA.  PARTIDO LIBERAL Y PARTIDO CONSERVADOR,2002.0,68.0,20020096.0,0.0,1.0,1.0,3.933539052538445e-23,0.0,0.0,0.0,,,,,,,,,,,,,,,,,,,,,,,,,,,,,,0.914179104477612,0.4962686567164179
18,COALICION CAMARA MAGDALENA.  PARTIDO CONSERVADOR Y PARTIDO LIBERAL,2002.0,6.0,20020087.0,0.0,1.0,1.0,1.2871665429304063e-05,0.0561797752808988,0.211435552420118,0.0,,,,,,,,,,,,,,,,,,,,,,,,,,,,,,0.914179104477612,0.4962686567164179
19,COALICION CAMARA NORTE DE SANTANDER.  PARTIDO CONSERVADOR - MOVIMIENTO EQUIPO COLOMBIA Y PARTIDO POPULAR,2002.0,132.0,20020067.0,0.0,1.0,1.0,3.933539052538445e-23,0.0,0.0,0.0,,,,,,,,,,,,,,,,,,,,,,,,,,,,,,0.914179104477612,0.4962686567164179
20,COALICION CAMARA NORTE DE SANTANDER.  PARTIDO LIBERAL Y PARTIDO CONSERVADOR,2002.0,20.0,20020098.0,0.0,1.0,1.0,0.0024723585461195,0.0224719101123595,0.3102638555737912,0.0,,,,,,,,,,,,,,,,,,,,,,,,,,,,,,0.914179104477612,0.4962686567164179
21,COALICION CAMARA QUINDIO.  PARTIDO LIBERAL - PARTIDO CONSERVADOR Y MOVIMIENTO UNION CRISTIANA UC,2002.0,241.0,20020074.0,0.0,1.0,1.0,3.933539052538445e-23,0.0,0.0,0.0,,,,,,,,,,,,,,,,,,,,,,,,,,,,,,0.914179104477612,0.4962686567164179
22,COALICION CAMARA RISARALDA.  PARTIDO LIBERAL Y MOVIMIENTO VAMOS COLOMBIA,2002.0,83.0,20020101.0,0.0,1.0,1.0,0.0542489494144369,0.1910112359550561,0.3061361767856698,0.0,,,,,,,,,,,,,,,,,,,,,,,,,,,,,,0.914179104477612,0.4962686567164179
23,COALICION CAMARA SANTANDER.  ALTERNATIVA SANTANDEREANA - AS,2018.0,78.0,20180042.0,20189.0,1.0,1.0,1.03675191411348e-298,0.0,0.0,0.0,,,,,,,,,,,,,,,,,,,,,,,,,,,,,,0.9090909090909092,0.3143939393939394
24,COALICION CAMARA SANTANDER.  PARTIDO CONSERVADOR Y MOVIMIENTO EQUIPO COLOMBIA,2002.0,9.0,20020086.0,0.0,0.0,1.0,3.933539052538445e-23,0.0,0.0,0.0,,,,,,,,,,,,,,,,,,,,,,,,,,,,,,0.914179104477612,0.4962686567164179
25,COALICION CAMARA VALLE DEL CAUCA.  MOVIMIENTO SI COLOMBIA Y MOVIMIENTO NACIONAL,2002.0,150.0,20020138.0,0.0,0.0,1.0,3.933539052538445e-23,0.0,0.0,0.0,,,,,,,,,,,,,,,,,,,,,,,,,,,,,,0.914179104477612,0.4962686567164179
26,COALICION CAMARA VALLE DEL CAUCA.  PARTIDO LIBERAL Y CONVERGENCIA POPULAR CIVICA,2002.0,178.0,20020136.0,0.0,1.0,1.0,3.933539052538445e-23,0.0,0.0,0.0,,,,,,,,,,,,,,,,,,,,,,,,,,,,,,0.914179104477612,0.4962686567164179
27,COALICION LISTA DE LA DECENCIA.  PARTIDO ALIANZA SOCIAL INDEPENDIENTE - UNION PATRIOTICA Y MOVIMIENTO MAIS,2018.0,106.2,20180008.0,58056.4,1.0,1.0,4.3296780143172575e-177,0.0152091254752851,0.0152091254752851,0.0,,,,,,,,,,,,,,,,,,,,,,,,,,,,,,0.9090909090909092,0.3143939393939394
28,COALICION SENADO.  MOV. CAMBIO RADICAL Y CONVERGENCIA POPULAR CIVICA,2002.0,226.0,20020022.0,82571.0,1.0,1.0,3.933539052538445e-23,0.0,0.0,0.0,,,,,,,,,,,,,,,,,,,,,,,,,,,,,,0.914179104477612,0.4962686567164179
29,COALICION SENADO.  MOVIMIENTO COLOMBIA SIEMPRE Y CAMBIO RADICAL,2002.0,238.0,20020008.0,72346.0,1.0,1.0,3.933539052538445e-23,0.0,0.0,0.0,,,,,,,,,,,,,,,,,,,,,,,,,,,,,,0.914179104477612,0.4962686567164179
30,COALICION SENADO.  MOVIMIENTO COMUNAL Y COMUNITARIO Y MOVIMIENTO CAMBIO RADICAL,2002.0,247.0,20020017.0,72571.0,1.0,1.0,0.0542489494144369,0.1910112359550561,0.3061361767856698,0.0,,,,,,,,,,,,,,,,,,,,,,,,,,,,,,0.914179104477612,0.4962686567164179
31,COALICION SENADO.  MOVIMIENTO DE SALVACION NACIONAL Y PARTIDO CONSERVADOR,2002.0,182.0,20020014.0,45542.0,1.0,1.0,2.4239278696550525e-06,0.0187265917602996,0.2054574638844301,0.0,,,,,,,,,,,,,,,,,,,,,,,,,,,,,,0.914179104477612,0.4962686567164179
32,COALICION SENADO.  NUEVA FUERZA DEMOCRATICA Y MURCO,1994.0,96.0,19940052.0,0.0,1.0,1.0,9.52771600780197e-28,0.0,0.0,0.0,3942935.0,1638210.0,1289981.0,351458.0,396707.0,2165134.0,643956.0,982375.0,538803.0,848354.0,766500.0,67707.0,14147.0,2901675.0,145358.0,54673.0,2154616.0,82377.0,54452.0,63614.0,346585.0,64610.0,639584.0,10497682.0,37.56005373376713,20.62487699665507,8.081345958088653,27.641102102349837,6.092621209139313,0.908745247148289,0.2205323193916349
33,COALICION SENADO.  PARTIDO CONSERVADOR Y FUERZA PROGRESISTA,1994.0,115.0,19940053.0,0.0,0.5,1.0,5.105299953486098e-06,0.0400763358778625,0.2850025702402928,0.0051365664914148,3942935.0,1638210.0,1289981.0,351458.0,396707.0,2165134.0,643956.0,982375.0,538803.0,848354.0,766500.0,67707.0,14147.0,2901675.0,145358.0,54673.0,2154616.0,82377.0,54452.0,63614.0,346585.0,64610.0,639584.0,10497682.0,37.56005373376713,20.62487699665507,8.081345958088653,27.641102102349837,6.092621209139313,0.908745247148289,0.2205323193916349
34,COALICION SENADO.  PARTIDO LIBERAL Y GOLPE,2002.0,73.0,20020019.0,71111.0,0.0,1.0,3.933539052538445e-23,0.0,0.0,0.0,,,,,,,,,,,,,,,,,,,,,,,,,,,,,,0.914179104477612,0.4962686567164179
35,COALICION SENADO.  PARTIDO POPULAR Y PARTIDO CONSERVADOR,2002.0,95.0,20020021.0,70753.0,1.0,1.0,6.008933363924554e-05,0.0861423220973782,0.2712522902364186,0.0058305712916365,,,,,,,,,,,,,,,,,,,,,,,,,,,,,,0.914179104477612,0.4962686567164179
36,COALICION SENADO.  PARTIDO VANGUARDIA MORAL Y VAMOS COLOMBIA,2002.0,181.0,20020011.0,66512.0,1.0,1.0,3.933539052538445e-23,0.0,0.0,0.0,,,,,,,,,,,,,,,,,,,,,,,,,,,,,,0.914179104477612,0.4962686567164179
37,COALICIONES DE 1990,1990.0,153.3125,19909998.0,0.0,0.9375,1.0,0.0126781895475441,0.1432291666666666,0.4309772562687444,0.0041397778903849,1159826.0,470233.0,405935.0,68877.0,150847.0,544118.0,122849.0,289454.0,131815.0,242174.0,181304.0,45605.0,15265.0,871165.0,32447.0,19390.0,519393.0,146433.0,18058.0,25538.0,109906.0,34819.0,228608.0,3045891.0,38.07838166237728,17.86400104271624,7.950842627001426,28.601318957244366,7.505455710660689,0.8753993610223643,0.0798722044728434
38,COALICIONES DE 1998,1998.0,136.0,19989998.0,0.0,0.8695652173913043,1.0,0.0067705620597976,0.1294390972452704,0.3797537246118469,0.0282142482034318,,,,,,,,,,,,,,,,,,,,,,,,,,,,,,0.9239543726235742,0.3307984790874524
39,COMUNIDADES INDIGENAS,1994.0,79.0,19940044.0,0.0,1.0,1.0,9.52771600780197e-28,0.0,0.0,0.0,3942935.0,1638210.0,1289981.0,351458.0,396707.0,2165134.0,643956.0,982375.0,538803.0,848354.0,766500.0,67707.0,14147.0,2901675.0,145358.0,54673.0,2154616.0,82377.0,54452.0,63614.0,346585.0,64610.0,639584.0,10497682.0,37.56005373376713,20.62487699665507,8.081345958088653,27.641102102349837,6.092621209139313,0.908745247148289,0.2205323193916349
40,CONSEJO COMUNITARIO ANCESTRAL DE COMUNIDADES NEGRAS PLAYA RENACIENTE,2018.0,137.0,20180014.0,25740.0,1.0,1.0,1.03675191411348e-298,0.0,0.0,0.0,,,,,,,,,,,,,,,,,,,,,,,,,,,,,,0.9090909090909092,0.3143939393939394
41,CONSEJO COMUNITARIO LA MUMANCIA,2018.0,116.0,20180029.0,0.0,1.0,1.0,1.03675191411348e-298,0.0,0.0,0.0,,,,,,,,,,,,,,,,,,,,,,,,,,,,,,0.9090909090909092,0.3143939393939394
42,CONVERGENCIA CIVICA EL META,1994.0,81.0,19940069.0,0.0,1.0,1.0,9.52771600780197e-28,0.0,0.0,0.0,3942935.0,1638210.0,1289981.0,351458.0,396707.0,2165134.0,643956.0,982375.0,538803.0,848354.0,766500.0,67707.0,14147.0,2901675.0,145358.0,54673.0,2154616.0,82377.0,54452.0,63614.0,346585.0,64610.0,639584.0,10497682.0,37.56005373376713,20.62487699665507,8.081345958088653,27.641102102349837,6.092621209139313,0.908745247148289,0.2205323193916349
43,CONVERGENCIA POPULAR CALDENSE,1994.0,36.0,19940071.0,0.0,1.0,1.0,9.52771600780197e-28,0.0,0.0,0.0,3942935.0,1638210.0,1289981.0,351458.0,396707.0,2165134.0,643956.0,982375.0,538803.0,848354.0,766500.0,67707.0,14147.0,2901675.0,145358.0,54673.0,2154616.0,82377.0,54452.0,63614.0,346585.0,64610.0,639584.0,10497682.0,37.56005373376713,20.62487699665507,8.081345958088653,27.641102102349837,6.092621209139313,0.908745247148289,0.2205323193916349
44,"EDUCACION, TRABAJO Y CAMBIO SOCIAL",1998.0,101.0,19940056.0,0.0,1.0,1.0,4.987601680383357e-23,0.0,0.0,0.0,,,,,,,,,,,,,,,,,,,,,,,,,,,,,,0.9239543726235742,0.3307984790874524
45,FRENTE DEMOCRATICO,1982.0,123.5,19800001.0,0.0,1.0,1.0,2.777792442294026e-62,0.0032051282051282,0.0032051282051282,0.0,145888.0,68643.0,51561.0,9282.0,7588.0,59115.0,16143.0,25214.0,17758.0,51979.0,28748.0,22267.0,964.0,75473.0,3282.0,2077.0,35675.0,17826.0,2133.0,4620.0,9861.0,,21261.0,353716.0,41.24438815320766,16.712560359158193,14.695122640762646,21.337174456343508,6.010754390527994,0.97444089456869,0.0127795527156549
46,FRENTE INDEPENDIENTE CIVICO POPULAR - FICIP,2002.0,167.0,19980016.0,0.0,1.0,1.0,3.933539052538445e-23,0.0,0.0,0.0,,,,,,,,,,,,,,,,,,,,,,,,,,,,,,0.914179104477612,0.4962686567164179
47,FRENTE POR LA UNIDAD DEL PUEBLO - FUP,1978.0,18.0,19750001.0,0.0,1.0,1.0,1.0817592128284647e-06,0.0580645161290322,0.2955195424213536,0.0,45405.0,20327.0,16469.0,3261.0,2965.0,19119.0,4578.0,8502.0,6039.0,13084.0,9830.0,2914.0,340.0,24268.0,1036.0,844.0,12940.0,4643.0,556.0,1500.0,2749.0,,3517.0,105393.0,43.08160883550141,18.140673479263327,12.414486730617783,23.026197185771352,3.337033768846128,0.9807073954983924,0.0192926045016077
48,FUERZA INDEPENDIENTE,2002.0,49.0,19940004.0,106253.5,1.0,1.0,8.055887979598735e-20,0.0037453183520599,0.0037453183520599,0.0,,,,,,,,,,,,,,,,,,,,,,,,,,,,,,0.914179104477612,0.4962686567164179
49,FUNDACION EBANO DE COLOMBIA - FUNECO,2014.0,196.0,20140025.0,25886.5,1.0,1.0,0.0,0.0037453183520599,0.0037453183520599,0.0,,,,,,,,,,,,,,,,,,,,,,,,,,,,,,0.9067164179104478,0.6007462686567164
50,HUILA NUEVO Y LIBERALISMO,2006.0,124.5,20060015.0,29196.0,1.0,1.0,0.0009593966329774,0.0100806451612903,0.2723644503182604,0.0038200339558573,,,,,,,,,,,,,,,,,,,,,,,,,,,,,,0.9156626506024096,0.5863453815261044
51,MOVIMIENTO 98,1998.0,44.0,19980023.0,0.0,1.0,1.0,4.987601680383357e-23,0.0,0.0,0.0,,,,,,,,,,,,,,,,,,,,,,,,,,,,,,0.9239543726235742,0.3307984790874524
52,MOVIMIENTO ALAS EQUIPO COLOMBIA,2006.0,122.2,20050004.0,49789.8,1.0,1.0,0.0104364976095573,0.046774193548387,0.3587727945337434,0.0171860091551243,,,,,,,,,,,,,,,,,,,,,,,,,,,,,,0.9156626506024096,0.5863453815261044
53,MOVIMIENTO ALIANZA SOCIAL AFROCOLOMBIANA - ASA,2006.0,175.0,20060003.0,0.0,1.0,1.0,2.203634826057279e-05,0.0040322580645161,0.2479748904375314,0.0,,,,,,,,,,,,,,,,,,,,,,,,,,,,,,0.9156626506024096,0.5863453815261044
54,MOVIMIENTO ALIANZA SOCIAL INDIGENA - ASI,1991.0,23.0,19910002.0,0.0,1.0,1.0,3.568781805391961e-21,0.0,0.0,0.0,1465590.0,585298.0,541837.0,82085.0,141240.0,684023.0,159391.0,344994.0,179638.0,284646.0,217615.0,55951.0,11080.0,1555208.0,40554.0,25838.0,1119542.0,153837.0,20014.0,30848.0,164575.0,46038.0,300973.0,4290440.0,34.15943353129283,15.942956899525456,6.634424441316042,36.24821696609206,7.014968161773617,0.9125475285171104,0.3079847908745247
55,MOVIMIENTO ALIANZA SOCIAL INDIGENA - ASI,1998.0,113.25,19910002.0,0.0,1.0,1.0,5.2298794196096585e-17,0.0114503816793893,0.0114503816793893,0.0,,,,,,,,,,,,,,,,,,,,,,,,,,,,,,0.9239543726235742,0.3307984790874524
56,MOVIMIENTO ALIANZA SOCIAL INDIGENA - ASI,2002.0,126.0,19910002.0,83594.0,1.0,1.0,6.984706624811465e-18,0.0037453183520599,0.0067415730337078,0.0,,,,,,,,,,,,,,,,,,,,,,,,,,,,,,0.914179104477612,0.4962686567164179
57,MOVIMIENTO ALIANZA SOCIAL INDIGENA - ASI,2006.0,111.0,19910002.0,20332.0,1.0,0.0,9.71497482376483e-98,0.0,0.0,0.0,,,,,,,,,,,,,,,,,,,,,,,,,,,,,,0.9156626506024096,0.5863453815261044
58,MOVIMIENTO ALIANZA SOCIAL INDIGENA - ASI,2010.0,190.0,19910002.0,9989.5,1.0,0.0,7.919841587725768e-57,0.0037878787878787,0.0037878787878787,0.0,,,,,,,,,,,,,,,,,,,,,,,,,,,,,,0.9320754716981132,0.5245283018867924
59,MOVIMIENTO ALTERNATIVA DEMOCRATICA,1998.0,256.0,19940001.0,0.0,1.0,1.0,4.987601680383357e-23,0.0,0.0,0.0,,,,,,,,,,,,,,,,,,,,,,,,,,,,,,0.9239543726235742,0.3307984790874524
60,MOVIMIENTO ALTERNATIVO DE AVANZADA SOCIAL - ALAS,2002.0,13.0,19980005.0,77916.0,1.0,1.0,0.0592600376723057,0.2097378277153558,0.3375731435949561,0.0008428972460124,,,,,,,,,,,,,,,,,,,,,,,,,,,,,,0.914179104477612,0.4962686567164179
61,MOVIMIENTO ALTERNATIVO DE AVANZADA SOCIAL - ALAS,2006.0,138.0,19980005.0,17029.8,1.0,1.0,6.302092628622737e-06,0.0169354838709677,0.2171922696147182,0.0060336946584824,,,,,,,,,,,,,,,,,,,,,,,,,,,,,,0.9156626506024096,0.5863453815261044
62,MOVIMIENTO ALTERNATIVO DE AVANZADA SOCIAL - ALAS,2010.0,244.0,19980005.0,21920.0,1.0,1.0,2.304977268133593e-67,0.0,0.0,0.0,,,,,,,,,,,,,,,,,,,,,,,,,,,,,,0.9320754716981132,0.5245283018867924
63,MOVIMIENTO ALTERNATIVO INDIGENA Y SOCIAL - MAIS,2014.0,176.0,20130002.0,18370.0,1.0,1.0,0.0,0.0,0.0,0.0,,,,,,,,,,,,,,,,,,,,,,,,,,,,,,0.9067164179104478,0.6007462686567164
64,MOVIMIENTO ALTERNATIVO INDIGENA Y SOCIAL - MAIS,2018.0,49.66666666666666,20130002.0,28086.33333333333,0.6666666666666666,1.0,1.0833609245355383e-215,0.0076045627376424,0.0076045627376424,0.0,,,,,,,,,,,,,,,,,,,,,,,,,,,,,,0.9090909090909092,0.3143939393939394
65,MOVIMIENTO APERTURA LIBERAL,1998.0,205.0,19930001.0,0.0,1.0,1.0,4.987601680383357e-23,0.0,0.0,0.0,,,,,,,,,,,,,,,,,,,,,,,,,,,,,,0.9239543726235742,0.3307984790874524
66,MOVIMIENTO APERTURA LIBERAL,2002.0,187.8,19930001.0,0.0,1.0,1.0,0.0453917450132606,0.1640449438202247,0.2966586956251241,0.0011301870216016,,,,,,,,,,,,,,,,,,,,,,,,,,,,,,0.914179104477612,0.4962686567164179
67,MOVIMIENTO APERTURA LIBERAL,2006.0,175.5,19930001.0,28452.0,1.0,1.0,0.0303285573855145,0.0584677419354838,0.342271376679658,0.0038200339558573,,,,,,,,,,,,,,,,,,,,,,,,,,,,,,0.9156626506024096,0.5863453815261044
68,MOVIMIENTO APERTURA LIBERAL,2010.0,178.5,19930001.0,11029.5,1.0,0.0,7.919841587725768e-57,0.0037878787878787,0.0037878787878787,0.0,,,,,,,,,,,,,,,,,,,,,,,,,,,,,,0.9320754716981132,0.5245283018867924
69,MOVIMIENTO ARENA,2002.0,201.0,19970009.0,0.0,1.0,1.0,3.933539052538445e-23,0.0,0.0,0.0,,,,,,,,,,,,,,,,,,,,,,,,,,,,,,0.914179104477612,0.4962686567164179
70,MOVIMIENTO AUTORIDADES INDIGENAS DE COLOMBIA - AICO,1991.0,122.0,19910001.0,0.0,1.0,1.0,1.827216284360684e-18,0.0038167938931296,0.0038167938931296,0.0,1465590.0,585298.0,541837.0,82085.0,141240.0,684023.0,159391.0,344994.0,179638.0,284646.0,217615.0,55951.0,11080.0,1555208.0,40554.0,25838.0,1119542.0,153837.0,20014.0,30848.0,164575.0,46038.0,300973.0,4290440.0,34.15943353129283,15.942956899525456,6.634424441316042,36.24821696609206,7.014968161773617,0.9125475285171104,0.3079847908745247
71,MOVIMIENTO AUTORIDADES INDIGENAS DE COLOMBIA - AICO,1994.0,183.0,19910001.0,0.0,1.0,1.0,9.52771600780197e-28,0.0,0.0,0.0,3942935.0,1638210.0,1289981.0,351458.0,396707.0,2165134.0,643956.0,982375.0,538803.0,848354.0,766500.0,67707.0,14147.0,2901675.0,145358.0,54673.0,2154616.0,82377.0,54452.0,63614.0,346585.0,64610.0,639584.0,10497682.0,37.56005373376713,20.62487699665507,8.081345958088653,27.641102102349837,6.092621209139313,0.908745247148289,0.2205323193916349
72,MOVIMIENTO AUTORIDADES INDIGENAS DE COLOMBIA - AICO,1998.0,199.0,19910001.0,0.0,1.0,1.0,4.987601680383357e-23,0.0,0.0,0.0,,,,,,,,,,,,,,,,,,,,,,,,,,,,,,0.9239543726235742,0.3307984790874524
73,MOVIMIENTO AUTORIDADES INDIGENAS DE COLOMBIA - AICO,2002.0,117.5,19910001.0,17607.5,1.0,0.0,8.055887979598735e-20,0.0037453183520599,0.0037453183520599,0.0,,,,,,,,,,,,,,,,,,,,,,,,,,,,,,0.914179104477612,0.4962686567164179
74,MOVIMIENTO AUTORIDADES INDIGENAS DE COLOMBIA - AICO,2006.0,61.0,19910001.0,9550.0,1.0,0.0,9.71497482376483e-98,0.0,0.0,0.0,,,,,,,,,,,,,,,,,,,,,,,,,,,,,,0.9156626506024096,0.5863453815261044
75,MOVIMIENTO AUTORIDADES INDIGENAS DE COLOMBIA - AICO,2010.0,90.0,19910001.0,15115.0,1.0,0.0,2.304977268133593e-67,0.0,0.0,0.0,,,,,,,,,,,,,,,,,,,,,,,,,,,,,,0.9320754716981132,0.5245283018867924
76,MOVIMIENTO AUTORIDADES INDIGENAS DE COLOMBIA - AICO,2014.0,64.0,19910001.0,31713.0,1.0,0.0,0.0022256153270077,0.0224719101123595,0.2790187706600056,0.0108276036465911,,,,,,,,,,,,,,,,,,,,,,,,,,,,,,0.9067164179104478,0.6007462686567164
77,MOVIMIENTO AUTORIDADES INDIGENAS DE COLOMBIA - AICO,2018.0,201.0,19910001.0,15673.0,1.0,0.0,1.03675191411348e-298,0.0,0.0,0.0,,,,,,,,,,,,,,,,,,,,,,,,,,,,,,0.9090909090909092,0.3143939393939394
78,MOVIMIENTO CAMBIO RADICAL,2002.0,161.88888888888889,19980002.0,13111.444444444443,1.0,1.0,0.0029092314397907,0.0387016229712858,0.228047517472242,0.0046057716075457,,,,,,,,,,,,,,,,,,,,,,,,,,,,,,0.914179104477612,0.4962686567164179
79,MOVIMIENTO CAMBIO RADICAL,2006.0,150.0625,19980002.0,20158.1875,1.0,1.0,0.0054895440480384,0.0700604838709677,0.3345422679721964,0.0060684704226783,,,,,,,,,,,,,,,,,,,,,,,,,,,,,,0.9156626506024096,0.5863453815261044
80,MOVIMIENTO CIUDADANO,1998.0,86.5,20000012.0,0.0,1.0,1.0,5.107304120712557e-20,0.0038167938931296,0.0038167938931296,0.0,,,,,,,,,,,,,,,,,,,,,,,,,,,,,,0.9239543726235742,0.3307984790874524
81,MOVIMIENTO CIVICO,2002.0,25.0,20000308.0,49814.0,1.0,1.0,3.933539052538445e-23,0.0,0.0,0.0,,,,,,,,,,,,,,,,,,,,,,,,,,,,,,0.914179104477612,0.4962686567164179
82,MOVIMIENTO CIVICO AMAZONAS UNIDO,1994.0,168.0,19940062.0,0.0,1.0,1.0,9.52771600780197e-28,0.0,0.0,0.0,3942935.0,1638210.0,1289981.0,351458.0,396707.0,2165134.0,643956.0,982375.0,538803.0,848354.0,766500.0,67707.0,14147.0,2901675.0,145358.0,54673.0,2154616.0,82377.0,54452.0,63614.0,346585.0,64610.0,639584.0,10497682.0,37.56005373376713,20.62487699665507,8.081345958088653,27.641102102349837,6.092621209139313,0.908745247148289,0.2205323193916349
83,MOVIMIENTO CIVICO INDEPENDIENTE,1991.0,130.0,19920003.0,0.0,1.0,1.0,1.827216284360684e-18,0.0038167938931296,0.0038167938931296,0.0,1465590.0,585298.0,541837.0,82085.0,141240.0,684023.0,159391.0,344994.0,179638.0,284646.0,217615.0,55951.0,11080.0,1555208.0,40554.0,25838.0,1119542.0,153837.0,20014.0,30848.0,164575.0,46038.0,300973.0,4290440.0,34.15943353129283,15.942956899525456,6.634424441316042,36.24821696609206,7.014968161773617,0.9125475285171104,0.3079847908745247
84,MOVIMIENTO CIVICO INDEPENDIENTE,1994.0,123.0,19920003.0,0.0,1.0,1.0,9.52771600780197e-28,0.0,0.0,0.0,3942935.0,1638210.0,1289981.0,351458.0,396707.0,2165134.0,643956.0,982375.0,538803.0,848354.0,766500.0,67707.0,14147.0,2901675.0,145358.0,54673.0,2154616.0,82377.0,54452.0,63614.0,346585.0,64610.0,639584.0,10497682.0,37.56005373376713,20.62487699665507,8.081345958088653,27.641102102349837,6.092621209139313,0.908745247148289,0.2205323193916349
85,MOVIMIENTO CIVICO INDEPENDIENTE,1998.0,187.0,19920003.0,0.0,1.0,1.0,4.987601680383357e-23,0.0,0.0,0.0,,,,,,,,,,,,,,,,,,,,,,,,,,,,,,0.9239543726235742,0.3307984790874524
86,MOVIMIENTO CIVICO INDEPENDIENTE,2002.0,116.0,19920003.0,43265.0,1.0,0.0,3.933539052538445e-23,0.0,0.0,0.0,,,,,,,,,,,,,,,,,,,,,,,,,,,,,,0.914179104477612,0.4962686567164179
87,MOVIMIENTO CIVICO SERIEDAD COLOMBIA,1998.0,18.0,20150691.0,0.0,1.0,1.0,4.987601680383357e-23,0.0,0.0,0.0,,,,,,,,,,,,,,,,,,,,,,,,,,,,,,0.9239543726235742,0.3307984790874524
88,MOVIMIENTO CIVICO SERIEDAD POR COLOMBIA,2002.0,108.0,19960001.0,0.0,1.0,1.0,3.933539052538445e-23,0.0,0.0,0.0,,,,,,,,,,,,,,,,,,,,,,,,,,,,,,0.914179104477612,0.4962686567164179
89,MOVIMIENTO COLOMBIA MI PAIS,1998.0,160.0,19980004.0,0.0,0.0,1.0,0.039058492268413,0.2366412213740457,0.3898931297709924,8.864448758423918e-05,,,,,,,,,,,,,,,,,,,,,,,,,,,,,,0.9239543726235742,0.3307984790874524
90,MOVIMIENTO COLOMBIA SIEMPRE,2002.0,134.6,19930002.0,42099.8,1.0,1.0,0.0235191910372205,0.0936329588014981,0.2691127805424589,0.003345059976363,,,,,,,,,,,,,,,,,,,,,,,,,,,,,,0.914179104477612,0.4962686567164179
91,MOVIMIENTO COLOMBIA VIVA,2006.0,66.5,20030254.0,47832.0,1.0,1.0,0.0329263314841922,0.0665322580645161,0.3874764175970884,0.0003061806432872,,,,,,,,,,,,,,,,,,,,,,,,,,,,,,0.9156626506024096,0.5863453815261044
92,MOVIMIENTO COMPROMISO CIVICO CRISTIANO C4,1994.0,130.0,19920002.0,0.0,1.0,1.0,9.52771600780197e-28,0.0,0.0,0.0,3942935.0,1638210.0,1289981.0,351458.0,396707.0,2165134.0,643956.0,982375.0,538803.0,848354.0,766500.0,67707.0,14147.0,2901675.0,145358.0,54673.0,2154616.0,82377.0,54452.0,63614.0,346585.0,64610.0,639584.0,10497682.0,37.56005373376713,20.62487699665507,8.081345958088653,27.641102102349837,6.092621209139313,0.908745247148289,0.2205323193916349
93,MOVIMIENTO COMPROMISO CIVICO CRISTIANO C4,1998.0,114.0,19920002.0,0.0,1.0,1.0,4.987601680383357e-23,0.0,0.0,0.0,,,,,,,,,,,,,,,,,,,,,,,,,,,,,,0.9239543726235742,0.3307984790874524
94,MOVIMIENTO COMPROMISO CIVICO CRISTIANO C4,2002.0,129.0,19920002.0,65294.0,1.0,1.0,3.933539052538445e-23,0.0,0.0,0.0,,,,,,,,,,,,,,,,,,,,,,,,,,,,,,0.914179104477612,0.4962686567164179
95,MOVIMIENTO CONSERVATISMO INDEPENDIENTE,1991.0,19.0,19920004.0,0.0,1.0,1.0,1.6914696786259537e-06,0.0725190839694656,0.242327578554944,0.0,1465590.0,585298.0,541837.0,82085.0,141240.0,684023.0,159391.0,344994.0,179638.0,284646.0,217615.0,55951.0,11080.0,1555208.0,40554.0,25838.0,1119542.0,153837.0,20014.0,30848.0,164575.0,46038.0,300973.0,4290440.0,34.15943353129283,15.942956899525456,6.634424441316042,36.24821696609206,7.014968161773617,0.9125475285171104,0.3079847908745247
96,MOVIMIENTO CONSERVATISMO INDEPENDIENTE,1994.0,116.0,19920004.0,0.0,1.0,1.0,3.902552476795687e-24,0.0038167938931296,0.0038167938931296,0.0,3942935.0,1638210.0,1289981.0,351458.0,396707.0,2165134.0,643956.0,982375.0,538803.0,848354.0,766500.0,67707.0,14147.0,2901675.0,145358.0,54673.0,2154616.0,82377.0,54452.0,63614.0,346585.0,64610.0,639584.0,10497682.0,37.56005373376713,20.62487699665507,8.081345958088653,27.641102102349837,6.092621209139313,0.908745247148289,0.2205323193916349
97,MOVIMIENTO CONSERVATISMO INDEPENDIENTE,1998.0,163.0,19920004.0,0.0,1.0,1.0,1.171881444102646e-05,0.0432569974554706,0.2519856785716623,0.0024483917686807,,,,,,,,,,,,,,,,,,,,,,,,,,,,,,0.9239543726235742,0.3307984790874524
98,MOVIMIENTO CONSERVATISMO INDEPENDIENTE,2002.0,137.0,19920004.0,0.0,1.0,0.0,3.933539052538445e-23,0.0,0.0,0.0,,,,,,,,,,,,,,,,,,,,,,,,,,,,,,0.914179104477612,0.4962686567164179
99,MOVIMIENTO CONVERGENCIA CIUDADANA,2002.0,145.66666666666666,19970002.0,27351.0,1.0,1.0,6.968146425400276e-18,0.0074906367041198,0.0074906367041198,0.0,,,,,,,,,,,,,,,,,,,,,,,,,,,,,,0.914179104477612,0.4962686567164179
100,MOVIMIENTO CONVERGENCIA CIUDADANA,2006.0,133.13333333333333,19970002.0,31827.866666666665,0.9333333333333332,1.0,0.0044686998536699,0.0672043010752688,0.3457342739478905,0.0076469728467163,,,,,,,,,,,,,,,,,,,,,,,,,,,,,,0.9156626506024096,0.5863453815261044
101,MOVIMIENTO CONVERGENCIA POPULAR CIVICA,1998.0,194.66666666666663,20000004.0,0.0,0.6666666666666666,1.0,2.9451289162495685e-18,0.0076335877862595,0.0076335877862595,0.0,,,,,,,,,,,,,,,,,,,,,,,,,,,,,,0.9239543726235742,0.3307984790874524
102,MOVIMIENTO CONVERGENCIA POPULAR CIVICA,2002.0,186.4,20000004.0,11494.8,1.0,1.0,1.9206733654972864e-15,0.0149812734082397,0.0149812734082397,0.0,,,,,,,,,,,,,,,,,,,,,,,,,,,,,,0.914179104477612,0.4962686567164179
103,MOVIMIENTO DE INTEGRACION NACIONAL,1991.0,181.0,19970004.0,0.0,1.0,1.0,3.568781805391961e-21,0.0,0.0,0.0,1465590.0,585298.0,541837.0,82085.0,141240.0,684023.0,159391.0,344994.0,179638.0,284646.0,217615.0,55951.0,11080.0,1555208.0,40554.0,25838.0,1119542.0,153837.0,20014.0,30848.0,164575.0,46038.0,300973.0,4290440.0,34.15943353129283,15.942956899525456,6.634424441316042,36.24821696609206,7.014968161773617,0.9125475285171104,0.3079847908745247
104,MOVIMIENTO DE INTEGRACION NACIONAL,1994.0,177.0,19970004.0,0.0,1.0,1.0,9.52771600780197e-28,0.0,0.0,0.0,3942935.0,1638210.0,1289981.0,351458.0,396707.0,2165134.0,643956.0,982375.0,538803.0,848354.0,766500.0,67707.0,14147.0,2901675.0,145358.0,54673.0,2154616.0,82377.0,54452.0,63614.0,346585.0,64610.0,639584.0,10497682.0,37.56005373376713,20.62487699665507,8.081345958088653,27.641102102349837,6.092621209139313,0.908745247148289,0.2205323193916349
105,MOVIMIENTO DE INTEGRACION NACIONAL,2006.0,108.33333333333331,19970004.0,20552.0,1.0,1.0,0.0263603576497213,0.0658602150537634,0.3550446798440707,0.005765931842577,,,,,,,,,,,,,,,,,,,,,,,,,,,,,,0.9156626506024096,0.5863453815261044
106,MOVIMIENTO DE INTEGRACION NACIONAL,2010.0,116.54545454545456,19970004.0,31876.81818181818,0.8181818181818182,0.0,6.477547811394797e-31,0.0378787878787878,0.0378787878787878,0.0,,,,,,,,,,,,,,,,,,,,,,,,,,,,,,0.9320754716981132,0.5245283018867924
107,MOVIMIENTO DE INTEGRACION REGIONAL - IR,1998.0,114.0,19940018.0,0.0,1.0,1.0,5.107304120712557e-20,0.0038167938931296,0.0038167938931296,0.0,,,,,,,,,,,,,,,,,,,,,,,,,,,,,,0.9239543726235742,0.3307984790874524
108,MOVIMIENTO DE INTEGRACION REGIONAL - IR,2002.0,135.33333333333334,19940018.0,0.0,1.0,1.0,6.968146425400276e-18,0.0074906367041198,0.0074906367041198,0.0,,,,,,,,,,,,,,,,,,,,,,,,,,,,,,0.914179104477612,0.4962686567164179
109,MOVIMIENTO DE INTEGRACION REGIONAL - IR,2010.0,181.0,19940018.0,0.0,1.0,1.0,2.304977268133593e-67,0.0,0.0,0.0,,,,,,,,,,,,,,,,,,,,,,,,,,,,,,0.9320754716981132,0.5245283018867924
110,MOVIMIENTO DE INTEGRACION REGIONAL - IR,2014.0,164.0,19940018.0,0.0,1.0,0.0,0.0,0.0,0.0,0.0,,,,,,,,,,,,,,,,,,,,,,,,,,,,,,0.9067164179104478,0.6007462686567164
111,MOVIMIENTO DE PARTICIPACION COMUNITARIA - MPC,2002.0,258.0,20000203.0,0.0,1.0,1.0,3.933539052538445e-23,0.0,0.0,0.0,,,,,,,,,,,,,,,,,,,,,,,,,,,,,,0.914179104477612,0.4962686567164179
112,MOVIMIENTO DE PARTICIPACION POPULAR,1994.0,99.0,19940019.0,0.0,1.0,1.0,1.7808899274533266e-07,0.0229007633587786,0.2125689668203461,0.0,3942935.0,1638210.0,1289981.0,351458.0,396707.0,2165134.0,643956.0,982375.0,538803.0,848354.0,766500.0,67707.0,14147.0,2901675.0,145358.0,54673.0,2154616.0,82377.0,54452.0,63614.0,346585.0,64610.0,639584.0,10497682.0,37.56005373376713,20.62487699665507,8.081345958088653,27.641102102349837,6.092621209139313,0.908745247148289,0.2205323193916349
113,MOVIMIENTO DE PARTICIPACION POPULAR,1998.0,5.0,19940019.0,0.0,1.0,1.0,4.987601680383357e-23,0.0,0.0,0.0,,,,,,,,,,,,,,,,,,,,,,,,,,,,,,0.9239543726235742,0.3307984790874524
114,MOVIMIENTO DE PARTICIPACION POPULAR,2002.0,78.5,19940019.0,0.0,1.0,1.0,8.055887979598735e-20,0.0037453183520599,0.0037453183520599,0.0,,,,,,,,,,,,,,,,,,,,,,,,,,,,,,0.914179104477612,0.4962686567164179
115,MOVIMIENTO DE RENOVACION DEMOCRATICA,1991.0,8.0,19910012.0,0.0,1.0,1.0,3.568781805391961e-21,0.0,0.0,0.0,1465590.0,585298.0,541837.0,82085.0,141240.0,684023.0,159391.0,344994.0,179638.0,284646.0,217615.0,55951.0,11080.0,1555208.0,40554.0,25838.0,1119542.0,153837.0,20014.0,30848.0,164575.0,46038.0,300973.0,4290440.0,34.15943353129283,15.942956899525456,6.634424441316042,36.24821696609206,7.014968161773617,0.9125475285171104,0.3079847908745247
116,MOVIMIENTO DE SALVACION NACIONAL - MSN,1991.0,150.3125,19900001.0,0.0,0.875,1.0,1.1615202836623605e-06,0.0751431297709923,0.2450611850226022,0.0043389312647128,1465590.0,585298.0,541837.0,82085.0,141240.0,684023.0,159391.0,344994.0,179638.0,284646.0,217615.0,55951.0,11080.0,1555208.0,40554.0,25838.0,1119542.0,153837.0,20014.0,30848.0,164575.0,46038.0,300973.0,4290440.0,34.15943353129283,15.942956899525456,6.634424441316042,36.24821696609206,7.014968161773617,0.9125475285171104,0.3079847908745247
117,MOVIMIENTO DE SALVACION NACIONAL - MSN,1994.0,161.0,19900001.0,0.0,1.0,1.0,1.203977766147698e-07,0.020356234096692,0.1988169004863056,0.0021740614001735,3942935.0,1638210.0,1289981.0,351458.0,396707.0,2165134.0,643956.0,982375.0,538803.0,848354.0,766500.0,67707.0,14147.0,2901675.0,145358.0,54673.0,2154616.0,82377.0,54452.0,63614.0,346585.0,64610.0,639584.0,10497682.0,37.56005373376713,20.62487699665507,8.081345958088653,27.641102102349837,6.092621209139313,0.908745247148289,0.2205323193916349
118,MOVIMIENTO DE SALVACION NACIONAL - MSN,1998.0,148.0,19900001.0,0.0,1.0,1.0,4.182210978499946e-07,0.0133587786259541,0.2075638308220825,0.0032903395630429,,,,,,,,,,,,,,,,,,,,,,,,,,,,,,0.9239543726235742,0.3307984790874524
119,MOVIMIENTO DE SALVACION NACIONAL - MSN,2002.0,142.0,19900001.0,26026.666666666668,1.0,0.0,5.702867472617459e-06,0.0249687890137328,0.2049745547082641,0.0020597790180771,,,,,,,,,,,,,,,,,,,,,,,,,,,,,,0.914179104477612,0.4962686567164179
120,MOVIMIENTO DE SALVACION NACIONAL - MSN,2006.0,117.0,19900001.0,21208.0,1.0,0.0,9.71497482376483e-98,0.0,0.0,0.0,,,,,,,,,,,,,,,,,,,,,,,,,,,,,,0.9156626506024096,0.5863453815261044
121,MOVIMIENTO DE UNIDAD NORTEVALLECAUCANA,1991.0,127.66666666666669,19910015.0,0.0,1.0,1.0,2.2448967459057745e-06,0.0432569974554707,0.2548646967593036,0.0043505213787357,1465590.0,585298.0,541837.0,82085.0,141240.0,684023.0,159391.0,344994.0,179638.0,284646.0,217615.0,55951.0,11080.0,1555208.0,40554.0,25838.0,1119542.0,153837.0,20014.0,30848.0,164575.0,46038.0,300973.0,4290440.0,34.15943353129283,15.942956899525456,6.634424441316042,36.24821696609206,7.014968161773617,0.9125475285171104,0.3079847908745247
122,MOVIMIENTO DEFENSA CIUDADANA,1998.0,65.5,19940007.0,0.0,1.0,1.0,5.107304120712557e-20,0.0038167938931296,0.0038167938931296,0.0,,,,,,,,,,,,,,,,,,,,,,,,,,,,,,0.9239543726235742,0.3307984790874524
123,MOVIMIENTO DEJEN JUGAR AL MORENO,2002.0,43.0,20000326.0,71623.0,1.0,1.0,3.933539052538445e-23,0.0,0.0,0.0,,,,,,,,,,,,,,,,,,,,,,,,,,,,,,0.914179104477612,0.4962686567164179
124,MOVIMIENTO EQUIPO COLOMBIA,2002.0,111.125,19980010.0,34183.375,0.875,1.0,2.329708237592314e-06,0.0351123595505617,0.1778546508628737,0.0039203521444059,,,,,,,,,,,,,,,,,,,,,,,,,,,,,,0.914179104477612,0.4962686567164179
125,MOVIMIENTO FRENTE SOCIAL Y POLITICO,2002.0,102.0,20010001.0,38689.0,1.0,1.0,6.968146425400276e-18,0.0074906367041198,0.0074906367041198,0.0,,,,,,,,,,,,,,,,,,,,,,,,,,,,,,0.914179104477612,0.4962686567164179
126,MOVIMIENTO FUERZA PROGRESISTA,1991.0,51.0,19940016.0,0.0,0.5,1.0,3.312014930474654e-06,0.0534351145038167,0.2675676039894102,0.0032311018390714,1465590.0,585298.0,541837.0,82085.0,141240.0,684023.0,159391.0,344994.0,179638.0,284646.0,217615.0,55951.0,11080.0,1555208.0,40554.0,25838.0,1119542.0,153837.0,20014.0,30848.0,164575.0,46038.0,300973.0,4290440.0,34.15943353129283,15.942956899525456,6.634424441316042,36.24821696609206,7.014968161773617,0.9125475285171104,0.3079847908745247
127,MOVIMIENTO FUERZA PROGRESISTA,1994.0,134.5,19940016.0,0.0,1.0,1.0,2.6636855183622317e-06,0.0295801526717556,0.2637970690194906,0.0040523597880022,3942935.0,1638210.0,1289981.0,351458.0,396707.0,2165134.0,643956.0,982375.0,538803.0,848354.0,766500.0,67707.0,14147.0,2901675.0,145358.0,54673.0,2154616.0,82377.0,54452.0,63614.0,346585.0,64610.0,639584.0,10497682.0,37.56005373376713,20.62487699665507,8.081345958088653,27.641102102349837,6.092621209139313,0.908745247148289,0.2205323193916349
128,MOVIMIENTO FUERZA PROGRESISTA,1998.0,135.0,19940016.0,0.0,1.0,1.0,2.3240249812419774e-06,0.0143129770992366,0.2341581166529696,0.0049181724051476,,,,,,,,,,,,,,,,,,,,,,,,,,,,,,0.9239543726235742,0.3307984790874524
129,MOVIMIENTO FUERZA PROGRESISTA,2002.0,205.66666666666663,19940016.0,20935.33333333333,1.0,0.0,4.373707526952823e-07,0.0087390761548064,0.175492583257567,0.0035669698591046,,,,,,,,,,,,,,,,,,,,,,,,,,,,,,0.914179104477612,0.4962686567164179
130,MOVIMIENTO GANAS,1998.0,29.0,19970010.0,0.0,1.0,1.0,4.987601680383357e-23,0.0,0.0,0.0,,,,,,,,,,,,,,,,,,,,,,,,,,,,,,0.9239543726235742,0.3307984790874524
131,MOVIMIENTO HUELLA CIUDADANA,2002.0,62.66666666666666,19980007.0,9859.333333333334,0.6666666666666666,1.0,1.3688086536585384e-17,0.0087390761548064,0.0093632958801497,1.8773525574235213e-05,,,,,,,,,,,,,,,,,,,,,,,,,,,,,,0.914179104477612,0.4962686567164179
132,MOVIMIENTO HUMBERTISTA,1994.0,229.0,19980006.0,0.0,1.0,1.0,9.52771600780197e-28,0.0,0.0,0.0,3942935.0,1638210.0,1289981.0,351458.0,396707.0,2165134.0,643956.0,982375.0,538803.0,848354.0,766500.0,67707.0,14147.0,2901675.0,145358.0,54673.0,2154616.0,82377.0,54452.0,63614.0,346585.0,64610.0,639584.0,10497682.0,37.56005373376713,20.62487699665507,8.081345958088653,27.641102102349837,6.092621209139313,0.908745247148289,0.2205323193916349
133,MOVIMIENTO HUMBERTISTA,1998.0,232.0,19980006.0,0.0,1.0,1.0,4.987601680383357e-23,0.0,0.0,0.0,,,,,,,,,,,,,,,,,,,,,,,,,,,,,,0.9239543726235742,0.3307984790874524
134,MOVIMIENTO INDEPENDIENTE DE RENOVACION ABSOLUTA - MIRA,2002.0,4.0,20000036.0,81061.0,1.0,1.0,3.933539052538445e-23,0.0,0.0,0.0,,,,,,,,,,,,,,,,,,,,,,,,,,,,,,0.914179104477612,0.4962686567164179
135,MOVIMIENTO INDEPENDIENTE DE RENOVACION ABSOLUTA - MIRA,2006.0,86.0,20000036.0,0.0,1.0,1.0,3.5001885596976833e-81,0.0040322580645161,0.0040322580645161,0.0,,,,,,,,,,,,,,,,,,,,,,,,,,,,,,0.9156626506024096,0.5863453815261044
136,MOVIMIENTO INDEPENDIENTE DE RENOVACION ABSOLUTA - MIRA,2010.0,82.75,20000036.0,0.0,1.0,1.0,2.7212368487026303e-46,0.0113636363636363,0.0113636363636363,0.0,,,,,,,,,,,,,,,,,,,,,,,,,,,,,,0.9320754716981132,0.5245283018867924
137,MOVIMIENTO INDEPENDIENTE DE RENOVACION ABSOLUTA - MIRA,2014.0,57.333333333333336,20000036.0,9108.666666666666,1.0,0.0,0.0,0.0074906367041198,0.0074906367041198,0.0,,,,,,,,,,,,,,,,,,,,,,,,,,,,,,0.9067164179104478,0.6007462686567164
138,MOVIMIENTO INDEPENDIENTE DE RENOVACION ABSOLUTA - MIRA,2018.0,55.5,20000036.0,57525.25,1.0,0.0,5.944472700360809e-194,0.0114068441064638,0.0114068441064638,0.0,,,,,,,,,,,,,,,,,,,,,,,,,,,,,,0.9090909090909092,0.3143939393939394
139,MOVIMIENTO INDEPENDIENTE FRENTE DE ESPERANZA,1998.0,233.0,20000005.0,0.0,1.0,1.0,5.107304120712557e-20,0.0038167938931296,0.0038167938931296,0.0,,,,,,,,,,,,,,,,,,,,,,,,,,,,,,0.9239543726235742,0.3307984790874524
140,MOVIMIENTO INDEPENDIENTE FRENTE DE ESPERANZA,2002.0,125.0,20000005.0,46298.0,1.0,1.0,3.933539052538445e-23,0.0,0.0,0.0,,,,,,,,,,,,,,,,,,,,,,,,,,,,,,0.914179104477612,0.4962686567164179
141,MOVIMIENTO INTEGRACION POPULAR - MIPOL,2002.0,162.33333333333334,19970005.0,41311.66666666666,1.0,1.0,0.0327704266662933,0.1248439450686641,0.286817872841787,0.0019476920305768,,,,,,,,,,,,,,,,,,,,,,,,,,,,,,0.914179104477612,0.4962686567164179
142,MOVIMIENTO LIBERALISMO INDEPENDIENTE DE RESTITUCION - LIDER,1991.0,72.5,20000258.0,0.0,1.0,1.0,0.0047980899475317,0.0343511450381679,0.2916403110939827,0.0030417361293907,1465590.0,585298.0,541837.0,82085.0,141240.0,684023.0,159391.0,344994.0,179638.0,284646.0,217615.0,55951.0,11080.0,1555208.0,40554.0,25838.0,1119542.0,153837.0,20014.0,30848.0,164575.0,46038.0,300973.0,4290440.0,34.15943353129283,15.942956899525456,6.634424441316042,36.24821696609206,7.014968161773617,0.9125475285171104,0.3079847908745247
143,MOVIMIENTO LIBERALISMO INDEPENDIENTE DE RESTITUCION - LIDER,1994.0,11.0,20000258.0,0.0,1.0,1.0,9.52771600780197e-28,0.0,0.0,0.0,3942935.0,1638210.0,1289981.0,351458.0,396707.0,2165134.0,643956.0,982375.0,538803.0,848354.0,766500.0,67707.0,14147.0,2901675.0,145358.0,54673.0,2154616.0,82377.0,54452.0,63614.0,346585.0,64610.0,639584.0,10497682.0,37.56005373376713,20.62487699665507,8.081345958088653,27.641102102349837,6.092621209139313,0.908745247148289,0.2205323193916349
144,MOVIMIENTO NACIONAL,2002.0,163.57142857142858,19780001.0,50212.28571428572,0.8571428571428571,1.0,0.0083359772873901,0.0679507758159443,0.2943573572312821,0.0151701755243741,,,,,,,,,,,,,,,,,,,,,,,,,,,,,,0.914179104477612,0.4962686567164179
145,MOVIMIENTO NACIONAL,2006.0,61.5,19780001.0,45205.0,1.0,1.0,3.5001885596976833e-81,0.0040322580645161,0.0040322580645161,0.0,,,,,,,,,,,,,,,,,,,,,,,,,,,,,,0.9156626506024096,0.5863453815261044
146,MOVIMIENTO NACIONAL CONSERVADOR,1991.0,109.0,19920005.0,0.0,0.0,1.0,0.0006015691297455,0.0725190839694656,0.4157640250518741,0.1194739718457573,1465590.0,585298.0,541837.0,82085.0,141240.0,684023.0,159391.0,344994.0,179638.0,284646.0,217615.0,55951.0,11080.0,1555208.0,40554.0,25838.0,1119542.0,153837.0,20014.0,30848.0,164575.0,46038.0,300973.0,4290440.0,34.15943353129283,15.942956899525456,6.634424441316042,36.24821696609206,7.014968161773617,0.9125475285171104,0.3079847908745247
147,MOVIMIENTO NACIONAL CONSERVADOR,1994.0,112.28571428571428,19920005.0,0.0,0.8571428571428571,1.0,0.0003446987297486,0.0507088331515812,0.3453609061695772,0.0481990817248584,3942935.0,1638210.0,1289981.0,351458.0,396707.0,2165134.0,643956.0,982375.0,538803.0,848354.0,766500.0,67707.0,14147.0,2901675.0,145358.0,54673.0,2154616.0,82377.0,54452.0,63614.0,346585.0,64610.0,639584.0,10497682.0,37.56005373376713,20.62487699665507,8.081345958088653,27.641102102349837,6.092621209139314,0.908745247148289,0.2205323193916349
148,MOVIMIENTO NACIONAL CONSERVADOR,1998.0,125.9090909090909,19920005.0,0.0,0.9090909090909092,1.0,1.755500896724843e-05,0.0742539902845246,0.2619479379490297,0.0036013891322614,,,,,,,,,,,,,,,,,,,,,,,,,,,,,,0.9239543726235742,0.3307984790874524
149,MOVIMIENTO NACIONAL PROGRESISTA,1991.0,159.0,19920001.0,0.0,1.0,1.0,3.568781805391961e-21,0.0,0.0,0.0,1465590.0,585298.0,541837.0,82085.0,141240.0,684023.0,159391.0,344994.0,179638.0,284646.0,217615.0,55951.0,11080.0,1555208.0,40554.0,25838.0,1119542.0,153837.0,20014.0,30848.0,164575.0,46038.0,300973.0,4290440.0,34.15943353129283,15.942956899525456,6.634424441316042,36.24821696609206,7.014968161773617,0.9125475285171104,0.3079847908745247
150,MOVIMIENTO NACIONAL PROGRESISTA,1994.0,89.0,19920001.0,0.0,1.0,1.0,3.902552476795687e-24,0.0038167938931296,0.0038167938931296,0.0,3942935.0,1638210.0,1289981.0,351458.0,396707.0,2165134.0,643956.0,982375.0,538803.0,848354.0,766500.0,67707.0,14147.0,2901675.0,145358.0,54673.0,2154616.0,82377.0,54452.0,63614.0,346585.0,64610.0,639584.0,10497682.0,37.56005373376713,20.62487699665507,8.081345958088653,27.641102102349837,6.092621209139313,0.908745247148289,0.2205323193916349
151,MOVIMIENTO NACIONAL PROGRESISTA,1998.0,10.0,19920001.0,0.0,1.0,1.0,0.0009954995299786,0.0139949109414757,0.2843456960007655,0.0043676211088688,,,,,,,,,,,,,,,,,,,,,,,,,,,,,,0.9239543726235742,0.3307984790874524
152,MOVIMIENTO NACIONAL PROGRESISTA,2002.0,119.5,19920001.0,35331.0,1.0,0.0,0.0019179722652601,0.0093632958801498,0.2431321889671759,0.0026893075385091,,,,,,,,,,,,,,,,,,,,,,,,,,,,,,0.914179104477612,0.4962686567164179
153,MOVIMIENTO NACIONAL PROGRESISTA,2006.0,168.0,19920001.0,1820.0,1.0,0.0,9.71497482376483e-98,0.0,0.0,0.0,,,,,,,,,,,,,,,,,,,,,,,,,,,,,,0.9156626506024096,0.5863453815261044
154,MOVIMIENTO NUEVA COLOMBIA,1990.0,162.25,19940017.0,0.0,0.75,1.0,0.0004135920533108,0.0865384615384615,0.4499412672397623,0.0207693528049475,1159826.0,470233.0,405935.0,68877.0,150847.0,544118.0,122849.0,289454.0,131815.0,242174.0,181304.0,45605.0,15265.0,871165.0,32447.0,19390.0,519393.0,146433.0,18058.0,25538.0,109906.0,34819.0,228608.0,3045891.0,38.07838166237728,17.86400104271624,7.950842627001426,28.601318957244366,7.505455710660689,0.8753993610223643,0.0798722044728434
155,MOVIMIENTO NUEVA COLOMBIA,1991.0,184.0,19940017.0,0.0,1.0,1.0,3.568781805391961e-21,0.0,0.0,0.0,1465590.0,585298.0,541837.0,82085.0,141240.0,684023.0,159391.0,344994.0,179638.0,284646.0,217615.0,55951.0,11080.0,1555208.0,40554.0,25838.0,1119542.0,153837.0,20014.0,30848.0,164575.0,46038.0,300973.0,4290440.0,34.15943353129283,15.942956899525456,6.634424441316042,36.24821696609206,7.014968161773617,0.9125475285171104,0.3079847908745247
156,MOVIMIENTO NUEVA COLOMBIA,1994.0,237.33333333333331,19940017.0,0.0,0.6666666666666666,1.0,0.0081919772318183,0.0610687022900763,0.2907824707906751,0.004348122800347,3942935.0,1638210.0,1289981.0,351458.0,396707.0,2165134.0,643956.0,982375.0,538803.0,848354.0,766500.0,67707.0,14147.0,2901675.0,145358.0,54673.0,2154616.0,82377.0,54452.0,63614.0,346585.0,64610.0,639584.0,10497682.0,37.56005373376713,20.62487699665507,8.081345958088653,27.641102102349837,6.092621209139313,0.908745247148289,0.2205323193916349
157,MOVIMIENTO NUEVA COLOMBIA,1998.0,248.0,19940017.0,0.0,1.0,0.0,4.987601680383357e-23,0.0,0.0,0.0,,,,,,,,,,,,,,,,,,,,,,,,,,,,,,0.9239543726235742,0.3307984790874524
158,MOVIMIENTO NUEVA FUERZA DEMOCRATICA,1991.0,78.25,19900002.0,0.0,1.0,1.0,4.789937856474474e-13,0.0267175572519083,0.0267175572519083,0.0,1465590.0,585298.0,541837.0,82085.0,141240.0,684023.0,159391.0,344994.0,179638.0,284646.0,217615.0,55951.0,11080.0,1555208.0,40554.0,25838.0,1119542.0,153837.0,20014.0,30848.0,164575.0,46038.0,300973.0,4290440.0,34.15943353129283,15.942956899525456,6.634424441316042,36.24821696609206,7.014968161773617,0.9125475285171104,0.3079847908745247
159,MOVIMIENTO NUEVA FUERZA DEMOCRATICA,1994.0,92.0,19900002.0,0.0,1.0,1.0,1.5984854944955132e-20,0.0114503816793893,0.0114503816793893,0.0,3942935.0,1638210.0,1289981.0,351458.0,396707.0,2165134.0,643956.0,982375.0,538803.0,848354.0,766500.0,67707.0,14147.0,2901675.0,145358.0,54673.0,2154616.0,82377.0,54452.0,63614.0,346585.0,64610.0,639584.0,10497682.0,37.56005373376713,20.62487699665507,8.081345958088653,27.641102102349837,6.092621209139313,0.908745247148289,0.2205323193916349
160,MOVIMIENTO NUEVA FUERZA DEMOCRATICA,1998.0,96.0,19900002.0,0.0,1.0,1.0,3.909401524975833e-06,0.0216284987277353,0.2457922904528791,0.0047375723982556,,,,,,,,,,,,,,,,,,,,,,,,,,,,,,0.9239543726235742,0.3307984790874524
161,MOVIMIENTO NUEVA FUERZA DEMOCRATICA,2002.0,159.0,19900002.0,44285.0,1.0,0.0,2.234291159684083e-05,0.0243445692883895,0.2302434990536843,0.0037528660264962,,,,,,,,,,,,,,,,,,,,,,,,,,,,,,0.914179104477612,0.4962686567164179
162,MOVIMIENTO NUEVO LIBERALISMO,1986.0,173.07692307692307,19790001.0,0.0,0.9230769230769232,1.0,0.0167641759832233,0.1380670611439841,0.3552344152390793,0.003282633809558,380530.0,175461.0,130202.0,19204.0,36016.0,168207.0,36022.0,79066.0,53119.0,73738.0,52014.0,19505.0,2219.0,221629.0,9625.0,7240.0,132209.0,31327.0,6158.0,10150.0,24920.0,15637.0,57284.0,901388.0,42.21600465060551,18.6608874313836,8.180494969979632,24.58752501697382,6.355087931057437,0.9201277955271564,0.108626198083067
163,MOVIMIENTO NUEVO LIBERALISMO,2002.0,70.0,19790001.0,18093.33333333333,1.0,1.0,0.0365898514449553,0.132334581772784,0.2764544319600499,0.0017834849295523,,,,,,,,,,,,,,,,,,,,,,,,,,,,,,0.914179104477612,0.4962686567164179
164,MOVIMIENTO OBRERO INDEPENDIENTE Y REVOLUCIONARIO - MOIR,1994.0,143.0,19700002.0,0.0,0.0,1.0,9.52771600780197e-28,0.0,0.0,0.0,3942935.0,1638210.0,1289981.0,351458.0,396707.0,2165134.0,643956.0,982375.0,538803.0,848354.0,766500.0,67707.0,14147.0,2901675.0,145358.0,54673.0,2154616.0,82377.0,54452.0,63614.0,346585.0,64610.0,639584.0,10497682.0,37.56005373376713,20.62487699665507,8.081345958088653,27.641102102349837,6.092621209139313,0.908745247148289,0.2205323193916349
165,MOVIMIENTO OBRERO INDEPENDIENTE Y REVOLUCIONARIO - MOIR,2002.0,136.0,19700002.0,45703.0,1.0,1.0,3.933539052538445e-23,0.0,0.0,0.0,,,,,,,,,,,,,,,,,,,,,,,,,,,,,,0.914179104477612,0.4962686567164179
166,MOVIMIENTO OXIGENO LIBERAL,1998.0,142.0,19980020.0,0.0,1.0,1.0,0.0157329818354956,0.099236641221374,0.3231865885468253,0.0032903395630429,,,,,,,,,,,,,,,,,,,,,,,,,,,,,,0.9239543726235742,0.3307984790874524
167,MOVIMIENTO POLITICO ACTITUD RENOVADORA,1994.0,184.0,19940043.0,0.0,1.0,1.0,9.52771600780197e-28,0.0,0.0,0.0,3942935.0,1638210.0,1289981.0,351458.0,396707.0,2165134.0,643956.0,982375.0,538803.0,848354.0,766500.0,67707.0,14147.0,2901675.0,145358.0,54673.0,2154616.0,82377.0,54452.0,63614.0,346585.0,64610.0,639584.0,10497682.0,37.56005373376713,20.62487699665507,8.081345958088653,27.641102102349837,6.092621209139313,0.908745247148289,0.2205323193916349
168,MOVIMIENTO POLITICO CIEN POR CIENTO POR COLOMBIA,2014.0,154.0,20140030.0,0.0,1.0,1.0,0.0,0.0074906367041198,0.0074906367041198,0.0,,,,,,,,,,,,,,,,,,,,,,,,,,,,,,0.9067164179104478,0.6007462686567164
169,MOVIMIENTO POLITICO CIUDADANOS POR BOYACA,2002.0,156.0,20000197.0,42954.0,1.0,1.0,6.008933363924554e-05,0.0861423220973782,0.2712522902364186,0.0058305712916365,,,,,,,,,,,,,,,,,,,,,,,,,,,,,,0.914179104477612,0.4962686567164179
170,MOVIMIENTO POLITICO COMUNAL Y COMUNITARIO DE COLOMBIA,2002.0,231.0,19980014.0,0.0,1.0,1.0,8.055887979598735e-20,0.0037453183520599,0.0037453183520599,0.0,,,,,,,,,,,,,,,,,,,,,,,,,,,,,,0.914179104477612,0.4962686567164179
171,MOVIMIENTO POLITICO LAICOS POR COLOMBIA,1991.0,41.0,19910003.0,0.0,1.0,1.0,3.568781805391961e-21,0.0,0.0,0.0,1465590.0,585298.0,541837.0,82085.0,141240.0,684023.0,159391.0,344994.0,179638.0,284646.0,217615.0,55951.0,11080.0,1555208.0,40554.0,25838.0,1119542.0,153837.0,20014.0,30848.0,164575.0,46038.0,300973.0,4290440.0,34.15943353129283,15.942956899525456,6.634424441316042,36.24821696609206,7.014968161773617,0.9125475285171104,0.3079847908745247
172,MOVIMIENTO POLITICO LAICOS POR COLOMBIA,1994.0,42.0,19910003.0,0.0,1.0,1.0,9.52771600780197e-28,0.0,0.0,0.0,3942935.0,1638210.0,1289981.0,351458.0,396707.0,2165134.0,643956.0,982375.0,538803.0,848354.0,766500.0,67707.0,14147.0,2901675.0,145358.0,54673.0,2154616.0,82377.0,54452.0,63614.0,346585.0,64610.0,639584.0,10497682.0,37.56005373376713,20.62487699665507,8.081345958088653,27.641102102349837,6.092621209139313,0.908745247148289,0.2205323193916349
173,MOVIMIENTO POLITICO LAICOS POR COLOMBIA,1998.0,34.0,19910003.0,0.0,1.0,1.0,4.987601680383357e-23,0.0,0.0,0.0,,,,,,,,,,,,,,,,,,,,,,,,,,,,,,0.9239543726235742,0.3307984790874524
174,MOVIMIENTO POLITICO POR LA SEGURIDAD SOCIAL,2002.0,5.0,20020024.0,70704.0,1.0,1.0,0.0641528163093972,0.2284644194756554,0.3417510290354878,0.0011166891524805,,,,,,,,,,,,,,,,,,,,,,,,,,,,,,0.914179104477612,0.4962686567164179
175,MOVIMIENTO POPULAR COLOMBIANO,1998.0,222.0,19900005.0,0.0,1.0,1.0,4.987601680383357e-23,0.0,0.0,0.0,,,,,,,,,,,,,,,,,,,,,,,,,,,,,,0.9239543726235742,0.3307984790874524
176,MOVIMIENTO POPULAR UNIDO - MPU,2002.0,140.0,19900003.0,26679.4,1.0,1.0,1.9206733654972864e-15,0.0149812734082397,0.0149812734082397,0.0,,,,,,,,,,,,,,,,,,,,,,,,,,,,,,0.914179104477612,0.4962686567164179
177,MOVIMIENTO POPULAR UNIDO - MPU,2006.0,114.0,19900003.0,17316.5,1.0,1.0,3.5001885596976833e-81,0.0040322580645161,0.0040322580645161,0.0,,,,,,,,,,,,,,,,,,,,,,,,,,,,,,0.9156626506024096,0.5863453815261044
178,MOVIMIENTO POPULAR UNIDO - MPU,2010.0,105.0,19900003.0,11157.0,1.0,1.0,2.304977268133593e-67,0.0,0.0,0.0,,,,,,,,,,,,,,,,,,,,,,,,,,,,,,0.9320754716981132,0.5245283018867924
179,"MOVIMIENTO POR LA EDUCACION, TRABAJO Y CAMBIO SOCIAL",1994.0,118.0,19940029.0,0.0,1.0,1.0,9.52771600780197e-28,0.0,0.0,0.0,3942935.0,1638210.0,1289981.0,351458.0,396707.0,2165134.0,643956.0,982375.0,538803.0,848354.0,766500.0,67707.0,14147.0,2901675.0,145358.0,54673.0,2154616.0,82377.0,54452.0,63614.0,346585.0,64610.0,639584.0,10497682.0,37.56005373376713,20.62487699665507,8.081345958088653,27.641102102349837,6.092621209139313,0.908745247148289,0.2205323193916349
180,MOVIMIENTO PROGRESIMO DEMOCRATICO,2002.0,155.0,20000021.0,13890.666666666666,1.0,1.0,0.0008434475556428,0.0149812734082396,0.2492988521871223,0.0035669698591046,,,,,,,,,,,,,,,,,,,,,,,,,,,,,,0.914179104477612,0.4962686567164179
181,MOVIMIENTO RECONSTRUCCION DEMOCRATICA NACIONAL,1998.0,3.0,19980001.0,0.0,1.0,1.0,4.987601680383357e-23,0.0,0.0,0.0,,,,,,,,,,,,,,,,,,,,,,,,,,,,,,0.9239543726235742,0.3307984790874524
182,MOVIMIENTO RECONSTRUCCION DEMOCRATICA NACIONAL,2002.0,85.0,19980001.0,0.0,1.0,1.0,0.0024723585461195,0.0224719101123595,0.3102638555737912,0.0,,,,,,,,,,,,,,,,,,,,,,,,,,,,,,0.914179104477612,0.4962686567164179
183,MOVIMIENTO RENOVADOR DE ACCION SOCIAL - MORAL,2002.0,241.0,20000001.0,37211.66666666666,1.0,1.0,0.0202165658415564,0.0774032459425717,0.2672564619377334,0.0038479356077754,,,,,,,,,,,,,,,,,,,,,,,,,,,,,,0.914179104477612,0.4962686567164179
184,MOVIMIENTO RENOVADOR DE ACCION SOCIAL - MORAL,2006.0,148.0,20000001.0,12002.0,1.0,1.0,9.71497482376483e-98,0.0,0.0,0.0,,,,,,,,,,,,,,,,,,,,,,,,,,,,,,0.9156626506024096,0.5863453815261044
185,MOVIMIENTO SI COLOMBIA,2002.0,209.0,20020003.0,47027.0,1.0,1.0,3.933539052538445e-23,0.0,0.0,0.0,,,,,,,,,,,,,,,,,,,,,,,,,,,,,,0.914179104477612,0.4962686567164179
186,MOVIMIENTO SOMOS COLOMBIA,2002.0,170.0,19980008.0,70699.0,1.0,1.0,3.933539052538445e-23,0.0,0.0,0.0,,,,,,,,,,,,,,,,,,,,,,,,,,,,,,0.914179104477612,0.4962686567164179
187,MOVIMIENTO UNETE COLOMBIA,2002.0,2.0,20000022.0,0.0,1.0,1.0,1.2219594225816273e-05,0.0224719101123595,0.2304965204179249,0.0,,,,,,,,,,,,,,,,,,,,,,,,,,,,,,0.914179104477612,0.4962686567164179
188,MOVIMIENTO UNICO DE RENOVACION CONSERVADORA - MURCO,1991.0,144.0,19910017.0,0.0,1.0,1.0,3.568781805391961e-21,0.0,0.0,0.0,1465590.0,585298.0,541837.0,82085.0,141240.0,684023.0,159391.0,344994.0,179638.0,284646.0,217615.0,55951.0,11080.0,1555208.0,40554.0,25838.0,1119542.0,153837.0,20014.0,30848.0,164575.0,46038.0,300973.0,4290440.0,34.15943353129283,15.942956899525456,6.634424441316042,36.24821696609206,7.014968161773617,0.9125475285171104,0.3079847908745247
189,MOVIMIENTO UNICO DE RENOVACION CONSERVADORA - MURCO,1994.0,126.0,19910017.0,0.0,1.0,1.0,1.7808899274533266e-07,0.0229007633587786,0.2125689668203461,0.0,3942935.0,1638210.0,1289981.0,351458.0,396707.0,2165134.0,643956.0,982375.0,538803.0,848354.0,766500.0,67707.0,14147.0,2901675.0,145358.0,54673.0,2154616.0,82377.0,54452.0,63614.0,346585.0,64610.0,639584.0,10497682.0,37.56005373376713,20.62487699665507,8.081345958088653,27.641102102349837,6.092621209139313,0.908745247148289,0.2205323193916349
190,MOVIMIENTO UNIDOS POR COLOMBIA,1991.0,100.0,19910014.0,0.0,1.0,1.0,8.134578887053889e-07,0.0362595419847327,0.2139206961737004,0.0030417361293907,1465590.0,585298.0,541837.0,82085.0,141240.0,684023.0,159391.0,344994.0,179638.0,284646.0,217615.0,55951.0,11080.0,1555208.0,40554.0,25838.0,1119542.0,153837.0,20014.0,30848.0,164575.0,46038.0,300973.0,4290440.0,34.15943353129283,15.942956899525456,6.634424441316042,36.24821696609206,7.014968161773617,0.9125475285171104,0.3079847908745247
191,MOVIMIENTO UNION CRISTIANA - UC,1991.0,169.0,19880001.0,0.0,1.0,1.0,1.827216284360684e-18,0.0038167938931296,0.0038167938931296,0.0,1465590.0,585298.0,541837.0,82085.0,141240.0,684023.0,159391.0,344994.0,179638.0,284646.0,217615.0,55951.0,11080.0,1555208.0,40554.0,25838.0,1119542.0,153837.0,20014.0,30848.0,164575.0,46038.0,300973.0,4290440.0,34.15943353129283,15.942956899525456,6.634424441316042,36.24821696609206,7.014968161773617,0.9125475285171104,0.3079847908745247
192,MOVIMIENTO UNION CRISTIANA - UC,1994.0,119.0,19880001.0,0.0,1.0,1.0,9.52771600780197e-28,0.0,0.0,0.0,3942935.0,1638210.0,1289981.0,351458.0,396707.0,2165134.0,643956.0,982375.0,538803.0,848354.0,766500.0,67707.0,14147.0,2901675.0,145358.0,54673.0,2154616.0,82377.0,54452.0,63614.0,346585.0,64610.0,639584.0,10497682.0,37.56005373376713,20.62487699665507,8.081345958088653,27.641102102349837,6.092621209139313,0.908745247148289,0.2205323193916349
193,MOVIMIENTO UNIONISTA,2002.0,106.33333333333331,20000024.0,28571.0,1.0,1.0,6.968146425400276e-18,0.0074906367041198,0.0074906367041198,0.0,,,,,,,,,,,,,,,,,,,,,,,,,,,,,,0.914179104477612,0.4962686567164179
194,MOVIMIENTO UNITARIO METAPOLITICO - MUM,1991.0,167.0,19780002.0,0.0,1.0,1.0,1.827216284360684e-18,0.0038167938931296,0.0038167938931296,0.0,1465590.0,585298.0,541837.0,82085.0,141240.0,684023.0,159391.0,344994.0,179638.0,284646.0,217615.0,55951.0,11080.0,1555208.0,40554.0,25838.0,1119542.0,153837.0,20014.0,30848.0,164575.0,46038.0,300973.0,4290440.0,34.15943353129283,15.942956899525456,6.634424441316042,36.24821696609206,7.014968161773617,0.9125475285171104,0.3079847908745247
195,MOVIMIENTO UNITARIO METAPOLITICO - MUM,1994.0,116.5,19780002.0,0.0,1.0,1.0,3.902552476795687e-24,0.0038167938931296,0.0038167938931296,0.0,3942935.0,1638210.0,1289981.0,351458.0,396707.0,2165134.0,643956.0,982375.0,538803.0,848354.0,766500.0,67707.0,14147.0,2901675.0,145358.0,54673.0,2154616.0,82377.0,54452.0,63614.0,346585.0,64610.0,639584.0,10497682.0,37.56005373376713,20.62487699665507,8.081345958088653,27.641102102349837,6.092621209139313,0.908745247148289,0.2205323193916349
196,MOVIMIENTO VIA ALTERNA,2002.0,98.0,19980009.0,0.0,1.0,1.0,3.933539052538445e-23,0.0,0.0,0.0,,,,,,,,,,,,,,,,,,,,,,,,,,,,,,0.914179104477612,0.4962686567164179
197,MOVIMIENTO VOLUNTAD POPULAR,1994.0,180.5,19900006.0,0.0,1.0,1.0,3.902552476795687e-24,0.0038167938931296,0.0038167938931296,0.0,3942935.0,1638210.0,1289981.0,351458.0,396707.0,2165134.0,643956.0,982375.0,538803.0,848354.0,766500.0,67707.0,14147.0,2901675.0,145358.0,54673.0,2154616.0,82377.0,54452.0,63614.0,346585.0,64610.0,639584.0,10497682.0,37.56005373376713,20.62487699665507,8.081345958088653,27.641102102349837,6.092621209139313,0.908745247148289,0.2205323193916349
198,MOVIMIENTO VOLUNTAD POPULAR,2002.0,75.33333333333333,19900006.0,21177.666666666668,0.6666666666666666,1.0,0.0185070328607153,0.0711610486891385,0.2465452329323124,0.0035669698591046,,,,,,,,,,,,,,,,,,,,,,,,,,,,,,0.914179104477612,0.4962686567164179
199,NUEVA FUERZA DEMOCRATICA EQUIPO UNIONISTA,1994.0,139.0,19940051.0,0.0,1.0,1.0,9.52771600780197e-28,0.0,0.0,0.0,3942935.0,1638210.0,1289981.0,351458.0,396707.0,2165134.0,643956.0,982375.0,538803.0,848354.0,766500.0,67707.0,14147.0,2901675.0,145358.0,54673.0,2154616.0,82377.0,54452.0,63614.0,346585.0,64610.0,639584.0,10497682.0,37.56005373376713,20.62487699665507,8.081345958088653,27.641102102349837,6.092621209139313,0.908745247148289,0.2205323193916349
200,ORGANIZACION NACIONAL INDIGENA DE COLOMBIA - ONIC,1991.0,87.0,19920009.0,0.0,1.0,1.0,3.568781805391961e-21,0.0,0.0,0.0,1465590.0,585298.0,541837.0,82085.0,141240.0,684023.0,159391.0,344994.0,179638.0,284646.0,217615.0,55951.0,11080.0,1555208.0,40554.0,25838.0,1119542.0,153837.0,20014.0,30848.0,164575.0,46038.0,300973.0,4290440.0,34.15943353129283,15.942956899525456,6.634424441316042,36.24821696609206,7.014968161773617,0.9125475285171104,0.3079847908745247
201,OTROS PARTIDOS O MOVIMIENTO DE 1990,1990.0,226.0,19909999.0,0.0,0.75,1.0,0.0075698211957621,0.0753205128205128,0.4296474176858441,0.0038595710100623,1159826.0,470233.0,405935.0,68877.0,150847.0,544118.0,122849.0,289454.0,131815.0,242174.0,181304.0,45605.0,15265.0,871165.0,32447.0,19390.0,519393.0,146433.0,18058.0,25538.0,109906.0,34819.0,228608.0,3045891.0,38.07838166237728,17.86400104271624,7.950842627001426,28.601318957244366,7.505455710660689,0.8753993610223643,0.0798722044728434
202,OTROS PARTIDOS O MOVIMIENTO DE 1994,1994.0,148.0,19949999.0,0.0,1.0,1.0,3.902552476795687e-24,0.0038167938931296,0.0038167938931296,0.0,3942935.0,1638210.0,1289981.0,351458.0,396707.0,2165134.0,643956.0,982375.0,538803.0,848354.0,766500.0,67707.0,14147.0,2901675.0,145358.0,54673.0,2154616.0,82377.0,54452.0,63614.0,346585.0,64610.0,639584.0,10497682.0,37.56005373376713,20.62487699665507,8.081345958088653,27.641102102349837,6.092621209139313,0.908745247148289,0.2205323193916349
203,OTROS PARTIDOS O MOVIMIENTOS DE 1982,1982.0,219.0,19829999.0,0.0,1.0,1.0,2.777792442294026e-62,0.0032051282051282,0.0032051282051282,0.0,145888.0,68643.0,51561.0,9282.0,7588.0,59115.0,16143.0,25214.0,17758.0,51979.0,28748.0,22267.0,964.0,75473.0,3282.0,2077.0,35675.0,17826.0,2133.0,4620.0,9861.0,,21261.0,353716.0,41.24438815320766,16.712560359158193,14.695122640762646,21.337174456343508,6.010754390527994,0.97444089456869,0.0127795527156549
204,OTROS PARTIDOS O MOVIMIENTOS DE 1986,1986.0,141.0625,19869999.0,22.375,1.0,1.0,0.0108964112071358,0.1237980769230768,0.4402041757237714,0.058336949925321,380530.0,175461.0,130202.0,19204.0,36016.0,168207.0,36022.0,79066.0,53119.0,73738.0,52014.0,19505.0,2219.0,221629.0,9625.0,7240.0,132209.0,31327.0,6158.0,10150.0,24920.0,15637.0,57284.0,901388.0,42.21600465060551,18.6608874313836,8.180494969979632,24.58752501697382,6.355087931057437,0.9201277955271564,0.108626198083067
205,OTROS PARTIDOS O MOVIMIENTOS DE 1991,1991.0,121.0,19919999.0,0.0,0.0,1.0,6.493039363391708e-06,0.1030534351145038,0.3116287365342085,0.0009327699892337,1465590.0,585298.0,541837.0,82085.0,141240.0,684023.0,159391.0,344994.0,179638.0,284646.0,217615.0,55951.0,11080.0,1555208.0,40554.0,25838.0,1119542.0,153837.0,20014.0,30848.0,164575.0,46038.0,300973.0,4290440.0,34.15943353129283,15.942956899525456,6.634424441316042,36.24821696609206,7.014968161773617,0.9125475285171104,0.3079847908745247
206,OTROS PARTIDOS O MOVIMIENTOS DE 1998,1998.0,116.0,19989999.0,0.0,1.0,1.0,5.474923615234677e-18,0.0089058524173027,0.0095419847328243,1.949830852173574e-05,,,,,,,,,,,,,,,,,,,,,,,,,,,,,,0.9239543726235742,0.3307984790874524
207,PARTIDO AFROUNINCCA,2006.0,236.0,20060008.0,3108.0,1.0,1.0,9.71497482376483e-98,0.0,0.0,0.0,,,,,,,,,,,,,,,,,,,,,,,,,,,,,,0.9156626506024096,0.5863453815261044
208,PARTIDO ALIANZA DEMOCRATICA M-19 AD-M19,1991.0,156.54545454545453,19900007.0,0.0,0.9545454545454546,1.0,4.308480418665873e-09,0.0801526717557251,0.0801526717557251,0.0,1465590.0,585298.0,541837.0,82085.0,141240.0,684023.0,159391.0,344994.0,179638.0,284646.0,217615.0,55951.0,11080.0,1555208.0,40554.0,25838.0,1119542.0,153837.0,20014.0,30848.0,164575.0,46038.0,300973.0,4290440.0,34.15943353129283,15.942956899525456,6.634424441316042,36.24821696609206,7.014968161773617,0.9125475285171104,0.3079847908745247
209,PARTIDO ALIANZA DEMOCRATICA M-19 AD-M19,1994.0,261.0,19900007.0,0.0,1.0,1.0,9.52771600780197e-28,0.0,0.0,0.0,3942935.0,1638210.0,1289981.0,351458.0,396707.0,2165134.0,643956.0,982375.0,538803.0,848354.0,766500.0,67707.0,14147.0,2901675.0,145358.0,54673.0,2154616.0,82377.0,54452.0,63614.0,346585.0,64610.0,639584.0,10497682.0,37.56005373376713,20.62487699665507,8.081345958088653,27.641102102349837,6.092621209139313,0.908745247148289,0.2205323193916349
210,PARTIDO ALIANZA DEMOCRATICA M-19 AD-M19,2002.0,59.0,19900007.0,0.0,1.0,1.0,3.933539052538445e-23,0.0,0.0,0.0,,,,,,,,,,,,,,,,,,,,,,,,,,,,,,0.914179104477612,0.4962686567164179
211,PARTIDO ALIANZA SOCIAL INDEPENDIENTE - ASI,2014.0,128.0,19910006.0,6927.0,1.0,1.0,0.0,0.0037453183520599,0.0037453183520599,0.0,,,,,,,,,,,,,,,,,,,,,,,,,,,,,,0.9067164179104478,0.6007462686567164
212,PARTIDO ALIANZA VERDE,2010.0,92.375,20090002.0,47890.125,1.0,1.0,9.350098615878324e-36,0.0265151515151515,0.0265151515151515,0.0,,,,,,,,,,,,,,,,,,,,,,,,,,,,,,0.9320754716981132,0.5245283018867924
213,PARTIDO ALIANZA VERDE,2014.0,105.1818181818182,20090002.0,32954.36363636364,1.0,1.0,1.5481148471165544e-225,0.0374531835205992,0.0374531835205992,0.0,,,,,,,,,,,,,,,,,,,,,,,,,,,,,,0.9067164179104478,0.6007462686567164
214,PARTIDO ALIANZA VERDE,2018.0,146.83333333333334,20090002.0,72585.33333333333,0.9444444444444444,1.0,2.7107579107024524e-80,0.0646387832699619,0.0646387832699619,0.0,,,,,,,,,,,,,,,,,,,,,,,,,,,,,,0.9090909090909092,0.3143939393939394
215,PARTIDO CAMBIO RADICAL COLOMBIANO,2006.0,123.46666666666668,20030001.0,54376.93333333333,0.8,1.0,0.0391456843012156,0.1169354838709677,0.4140448537215715,0.0074315099453628,,,,,,,,,,,,,,,,,,,,,,,,,,,,,,0.9156626506024096,0.5863453815261044
216,PARTIDO CAMBIO RADICAL COLOMBIANO,2010.0,120.45833333333331,20030001.0,31908.08333333333,0.9583333333333334,1.0,0.0059588091374787,0.1029040404040403,0.3327123116987561,0.0045664311517629,,,,,,,,,,,,,,,,,,,,,,,,,,,,,,0.9320754716981132,0.5245283018867924
217,PARTIDO CAMBIO RADICAL COLOMBIANO,2014.0,107.96153846153848,20030001.0,43807.11538461538,0.8846153846153846,1.0,0.0021872515943716,0.0972342264477095,0.2673471442365645,0.0046690140233997,,,,,,,,,,,,,,,,,,,,,,,,,,,,,,0.9067164179104478,0.6007462686567164
218,PARTIDO CAMBIO RADICAL COLOMBIANO,2018.0,119.8913043478261,20030001.0,52040.47826086957,0.9130434782608696,0.0,6.749544584402107e-05,0.1749049429657794,0.3171353341181909,0.009539568839442,,,,,,,,,,,,,,,,,,,,,,,,,,,,,,0.9090909090909092,0.3143939393939394
219,PARTIDO CENTRO DEMOCRATICO - MANO FIRME CORAZON GRANDE,2014.0,142.6153846153846,20130001.0,1435.3076923076924,0.8974358974358975,1.0,0.0002166475099061,0.1429943340055699,0.285373798829827,0.0058289823269376,,,,,,,,,,,,,,,,,,,,,,,,,,,,,,0.9067164179104478,0.6007462686567164
220,PARTIDO CENTRO DEMOCRATICO - MANO FIRME CORAZON GRANDE,2018.0,140.84313725490196,20130001.0,47604.45098039216,0.8823529411764706,1.0,0.139994858183046,0.1904122865876388,0.3069706443694849,0.005265239386164,,,,,,,,,,,,,,,,,,,,,,,,,,,,,,0.9090909090909092,0.3143939393939394
221,PARTIDO COLOMBIA DEMOCRATICA,2006.0,135.6,20060002.0,49192.6,0.6,1.0,0.0262087071003109,0.071774193548387,0.3926569664431174,0.0030092261894302,,,,,,,,,,,,,,,,,,,,,,,,,,,,,,0.9156626506024096,0.5863453815261044
222,PARTIDO COLOMBIA JUSTA LIBRES,2018.0,43.0,20170001.0,0.0,1.0,1.0,1.03675191411348e-298,0.0,0.0,0.0,,,,,,,,,,,,,,,,,,,,,,,,,,,,,,0.9090909090909092,0.3143939393939394
223,PARTIDO COMUNISTA COLOMBIANO,1994.0,196.0,19300001.0,0.0,1.0,1.0,9.52771600780197e-28,0.0,0.0,0.0,3942935.0,1638210.0,1289981.0,351458.0,396707.0,2165134.0,643956.0,982375.0,538803.0,848354.0,766500.0,67707.0,14147.0,2901675.0,145358.0,54673.0,2154616.0,82377.0,54452.0,63614.0,346585.0,64610.0,639584.0,10497682.0,37.56005373376713,20.62487699665507,8.081345958088653,27.641102102349837,6.092621209139313,0.908745247148289,0.2205323193916349
224,PARTIDO CONSERVADOR COLOMBIANO,1968.0,98.58823529411764,18490002.0,0.0,0.9803921568627452,1.0,0.0700140042014004,0.4975369458128078,0.4975369458128078,0.0,2760.0,1379.0,404.0,248.0,728.0,2832.0,515.0,1445.0,873.0,1633.0,1526.0,21.0,86.0,2339.0,215.0,82.0,558.0,1224.0,59.0,75.0,126.0,,360.0,9924.0,27.81136638452237,28.536880290205563,16.455058444175734,23.56912535268037,3.6275695284159615,0.9803921568627452,1.0
225,PARTIDO CONSERVADOR COLOMBIANO,1970.0,164.4451219512195,18490002.0,0.0,0.9939024390243902,1.0,0.0552157630374232,0.4984709480122324,0.4984709480122324,0.0,6957.0,2486.0,2279.0,355.0,1225.0,3834.0,736.0,1885.0,1214.0,3066.0,2882.0,63.0,122.0,3948.0,332.0,146.0,1446.0,1412.0,111.0,127.0,374.0,,683.0,18488.0,37.629813933362186,20.737775854608397,16.583729987018607,21.35439203807875,3.694288186932064,0.9969512195121952,1.0
226,PARTIDO CONSERVADOR COLOMBIANO,1974.0,166.2871287128713,18490002.0,0.0,0.9801980198019802,1.0,9.033252484011003e-06,0.3312155319766504,0.3227478997444255,0.0032021407492344,17455.0,6542.0,5870.0,937.0,2897.0,6604.0,1432.0,2950.0,2222.0,3822.0,2910.0,697.0,214.0,7177.0,465.0,306.0,3477.0,1838.0,258.0,316.0,517.0,,1948.0,37005.0,47.16930144575057,17.846236995000673,10.328334008917714,19.394676395081746,5.264153492771247,0.9837662337662336,1.0
227,PARTIDO CONSERVADOR COLOMBIANO,1978.0,160.0909090909091,18490002.0,0.0,0.9772727272727272,0.0,7.905841427447032e-06,0.4233137829912023,0.3383195115879343,0.0034247897072826,45405.0,20327.0,16469.0,3261.0,2965.0,19119.0,4578.0,8502.0,6039.0,13084.0,9830.0,2914.0,340.0,24268.0,1036.0,844.0,12940.0,4643.0,556.0,1500.0,2749.0,,3517.0,105393.0,43.08160883550141,18.140673479263327,12.414486730617783,23.026197185771352,3.337033768846128,0.9807073954983924,0.0192926045016077
228,PARTIDO CONSERVADOR COLOMBIANO,1982.0,155.03053435114504,18490002.0,0.0,0.9694656488549618,0.0,5.587018272188866e-06,0.4166666666666666,0.4166666666666667,0.0,145888.0,68643.0,51561.0,9282.0,7588.0,59115.0,16143.0,25214.0,17758.0,51979.0,28748.0,22267.0,964.0,75473.0,3282.0,2077.0,35675.0,17826.0,2133.0,4620.0,9861.0,,21261.0,353716.0,41.24438815320766,16.712560359158193,14.695122640762644,21.337174456343508,6.010754390527994,0.97444089456869,0.0127795527156549
229,PARTIDO CONSERVADOR COLOMBIANO,1986.0,160.7642276422764,18490002.0,0.0,0.9105691056910568,0.0,2.345898694545054e-05,0.3925630602459871,0.3635075946756492,0.0019840910751427,380530.0,175461.0,130202.0,19204.0,36016.0,168207.0,36022.0,79066.0,53119.0,73738.0,52014.0,19505.0,2219.0,221629.0,9625.0,7240.0,132209.0,31327.0,6158.0,10150.0,24920.0,15637.0,57284.0,901388.0,42.21600465060551,18.6608874313836,8.180494969979632,24.58752501697382,6.355087931057437,0.9201277955271564,0.108626198083067
230,PARTIDO CONSERVADOR COLOMBIANO,1990.0,158.3398058252427,18490002.0,0.0,0.8737864077669902,0.0,2.416719789833309e-05,0.3297859098829973,0.4318598018095564,0.0035344993418767,1159826.0,470233.0,405935.0,68877.0,150847.0,544118.0,122849.0,289454.0,131815.0,242174.0,181304.0,45605.0,15265.0,871165.0,32447.0,19390.0,519393.0,146433.0,18058.0,25538.0,109906.0,34819.0,228608.0,3045891.0,38.07838166237728,17.86400104271624,7.950842627001426,28.601318957244366,7.50545571066069,0.8753993610223643,0.0798722044728434
231,PARTIDO CONSERVADOR COLOMBIANO,1991.0,148.05,18490002.0,0.0,0.825,0.0,2.416546741323271e-05,0.1636450381679388,0.3189327217865992,0.004632315136023,1465590.0,585298.0,541837.0,82085.0,141240.0,684023.0,159391.0,344994.0,179638.0,284646.0,217615.0,55951.0,11080.0,1555208.0,40554.0,25838.0,1119542.0,153837.0,20014.0,30848.0,164575.0,46038.0,300973.0,4290440.0,34.15943353129283,15.942956899525456,6.634424441316042,36.24821696609206,7.014968161773617,0.9125475285171104,0.3079847908745247
232,PARTIDO CONSERVADOR COLOMBIANO,1994.0,131.1,18490002.0,0.0,0.85,0.0,8.776147308076251e-06,0.2308524173027989,0.3090730387618637,0.0038493125643957,3942935.0,1638210.0,1289981.0,351458.0,396707.0,2165134.0,643956.0,982375.0,538803.0,848354.0,766500.0,67707.0,14147.0,2901675.0,145358.0,54673.0,2154616.0,82377.0,54452.0,63614.0,346585.0,64610.0,639584.0,10497682.0,37.56005373376713,20.62487699665507,8.081345958088653,27.641102102349837,6.092621209139313,0.908745247148289,0.2205323193916349
233,PARTIDO CONSERVADOR COLOMBIANO,1998.0,131.06976744186048,18490002.0,0.0,0.9069767441860463,0.0,1.814610344577019e-05,0.174684892597195,0.2720892681151869,0.003692089496563,,,,,,,,,,,,,,,,,,,,,,,,,,,,,,0.9239543726235742,0.3307984790874524
234,PARTIDO CONSERVADOR COLOMBIANO,2002.0,136.2941176470588,18490002.0,22310.617647058825,0.8823529411764706,0.0,0.00014257517874,0.1357127120511125,0.2720826097697762,0.0055482927914581,,,,,,,,,,,,,,,,,,,,,,,,,,,,,,0.914179104477612,0.4962686567164179
235,PARTIDO CONSERVADOR COLOMBIANO,2006.0,118.34042553191487,18490002.0,35336.68085106383,0.8723404255319149,0.0,0.0040530767944814,0.1894303363074811,0.3727100131656765,0.0051980630444147,,,,,,,,,,,,,,,,,,,,,,,,,,,,,,0.9156626506024096,0.5863453815261044
236,PARTIDO CONSERVADOR COLOMBIANO,2010.0,136.0344827586207,18490002.0,45393.15517241379,0.913793103448276,0.0,0.0007177598685121,0.2164315569487983,0.3295981821925646,0.0041640261581518,,,,,,,,,,,,,,,,,,,,,,,,,,,,,,0.9320754716981132,0.5245283018867924
237,PARTIDO CONSERVADOR COLOMBIANO,2014.0,146.9777777777778,18490002.0,51318.53333333333,0.8888888888888888,0.0,0.0007053578720385,0.1652101539741989,0.2627414521508353,0.0050906103152134,,,,,,,,,,,,,,,,,,,,,,,,,,,,,,0.9067164179104478,0.6007462686567164
238,PARTIDO CONSERVADOR COLOMBIANO,2018.0,132.0,18490002.0,62168.4,0.9142857142857144,0.0,0.0002605373306102,0.1312330255296034,0.2904163193170579,0.005829455677612,,,,,,,,,,,,,,,,,,,,,,,,,,,,,,0.9090909090909092,0.3143939393939394
239,PARTIDO DE ACCION SOCIAL - PAS,2006.0,103.0,20060014.0,24546.0,1.0,1.0,9.71497482376483e-98,0.0,0.0,0.0,,,,,,,,,,,,,,,,,,,,,,,,,,,,,,0.9156626506024096,0.5863453815261044
240,PARTIDO DE INTEGRACION NACIONAL - PIN,2010.0,129.22222222222223,20100071.0,60565.22222222222,0.8888888888888888,1.0,5.7697165376128964e-34,0.0303030303030303,0.0303030303030303,0.0,,,,,,,,,,,,,,,,,,,,,,,,,,,,,,0.9320754716981132,0.5245283018867924
241,PARTIDO DESCONOCIDO PARA EL AÑO 1991,1991.0,170.0,19919997.0,0.0,1.0,1.0,3.568781805391961e-21,0.0,0.0,0.0,1465590.0,585298.0,541837.0,82085.0,141240.0,684023.0,159391.0,344994.0,179638.0,284646.0,217615.0,55951.0,11080.0,1555208.0,40554.0,25838.0,1119542.0,153837.0,20014.0,30848.0,164575.0,46038.0,300973.0,4290440.0,34.15943353129283,15.942956899525456,6.634424441316042,36.24821696609206,7.014968161773617,0.9125475285171104,0.3079847908745247
242,PARTIDO LIBERAL COLOMBIANO,1968.0,104.41176470588236,18480001.0,0.0,0.9803921568627452,1.0,0.0700140042014004,0.4975369458128078,0.4975369458128078,0.0,2760.0,1379.0,404.0,248.0,728.0,2832.0,515.0,1445.0,873.0,1633.0,1526.0,21.0,86.0,2339.0,215.0,82.0,558.0,1224.0,59.0,75.0,126.0,,360.0,9924.0,27.81136638452237,28.536880290205563,16.455058444175734,23.56912535268037,3.6275695284159615,0.9803921568627452,1.0
243,PARTIDO LIBERAL COLOMBIANO,1970.0,162.5548780487805,18480001.0,0.0,1.0,1.0,0.0552157630374232,0.4984709480122324,0.4984709480122324,0.0,6957.0,2486.0,2279.0,355.0,1225.0,3834.0,736.0,1885.0,1214.0,3066.0,2882.0,63.0,122.0,3948.0,332.0,146.0,1446.0,1412.0,111.0,127.0,374.0,,683.0,18488.0,37.629813933362186,20.737775854608397,16.583729987018607,21.35439203807875,3.694288186932064,0.9969512195121952,1.0
244,PARTIDO LIBERAL COLOMBIANO,1974.0,144.561797752809,18480001.0,0.0,0.9831460674157304,1.0,0.0748959725666806,0.5805731435054716,0.4473535296120825,0.0018483669371703,17455.0,6542.0,5870.0,937.0,2897.0,6604.0,1432.0,2950.0,2222.0,3822.0,2910.0,697.0,214.0,7177.0,465.0,306.0,3477.0,1838.0,258.0,316.0,517.0,,1948.0,37005.0,47.16930144575056,17.846236995000673,10.328334008917714,19.394676395081746,5.264153492771246,0.9837662337662336,1.0
245,PARTIDO LIBERAL COLOMBIANO,1978.0,152.16763005780348,18480001.0,0.0,0.9826589595375722,0.0,0.0759856221936035,0.556255826962521,0.4014417102276175,0.0016155281875634,45405.0,20327.0,16469.0,3261.0,2965.0,19119.0,4578.0,8502.0,6039.0,13084.0,9830.0,2914.0,340.0,24268.0,1036.0,844.0,12940.0,4643.0,556.0,1500.0,2749.0,,3517.0,105393.0,43.08160883550141,18.140673479263327,12.414486730617783,23.026197185771352,3.337033768846128,0.9807073954983924,0.0192926045016077
246,PARTIDO LIBERAL COLOMBIANO,1982.0,156.37078651685394,18480001.0,0.0,0.9775280898876404,0.0,0.0749531687463393,0.5673076923076923,0.5673076923076923,0.0,145888.0,68643.0,51561.0,9282.0,7588.0,59115.0,16143.0,25214.0,17758.0,51979.0,28748.0,22267.0,964.0,75473.0,3282.0,2077.0,35675.0,17826.0,2133.0,4620.0,9861.0,,21261.0,353716.0,41.24438815320766,16.712560359158193,14.695122640762644,21.337174456343508,6.010754390527994,0.97444089456869,0.0127795527156549
247,PARTIDO LIBERAL COLOMBIANO,1986.0,152.44871794871796,18480001.0,0.0,0.9166666666666666,0.0,0.0795457887362573,0.5107453977646286,0.4288282786812467,0.0015924179908413,380530.0,175461.0,130202.0,19204.0,36016.0,168207.0,36022.0,79066.0,53119.0,73738.0,52014.0,19505.0,2219.0,221629.0,9625.0,7240.0,132209.0,31327.0,6158.0,10150.0,24920.0,15637.0,57284.0,901388.0,42.21600465060551,18.6608874313836,8.180494969979632,24.587525016973824,6.3550879310574375,0.9201277955271564,0.108626198083067
248,PARTIDO LIBERAL COLOMBIANO,1990.0,153.75675675675674,18480001.0,0.0,0.8756756756756757,0.0,0.0732616515138862,0.599151074151074,0.5704071411219801,0.0024389244434741,1159826.0,470233.0,405935.0,68877.0,150847.0,544118.0,122849.0,289454.0,131815.0,242174.0,181304.0,45605.0,15265.0,871165.0,32447.0,19390.0,519393.0,146433.0,18058.0,25538.0,109906.0,34819.0,228608.0,3045891.0,38.07838166237728,17.86400104271624,7.950842627001426,28.601318957244366,7.50545571066069,0.8753993610223643,0.0798722044728434
249,PARTIDO LIBERAL COLOMBIANO,1991.0,126.50704225352112,18480001.0,0.0,0.9295774647887324,0.0,0.083914292553555,0.5386517578754972,0.4603018811536576,0.001995830382841,1465590.0,585298.0,541837.0,82085.0,141240.0,684023.0,159391.0,344994.0,179638.0,284646.0,217615.0,55951.0,11080.0,1555208.0,40554.0,25838.0,1119542.0,153837.0,20014.0,30848.0,164575.0,46038.0,300973.0,4290440.0,34.15943353129283,15.942956899525456,6.634424441316042,36.24821696609206,7.014968161773617,0.9125475285171104,0.3079847908745247
250,PARTIDO LIBERAL COLOMBIANO,1994.0,130.22758620689655,18480001.0,0.0,0.9241379310344828,0.0,0.083020934260499,0.5508291655698868,0.4454085489628514,0.0023593625666766,3942935.0,1638210.0,1289981.0,351458.0,396707.0,2165134.0,643956.0,982375.0,538803.0,848354.0,766500.0,67707.0,14147.0,2901675.0,145358.0,54673.0,2154616.0,82377.0,54452.0,63614.0,346585.0,64610.0,639584.0,10497682.0,37.56005373376713,20.62487699665507,8.081345958088653,27.641102102349837,6.092621209139313,0.908745247148289,0.2205323193916349
251,PARTIDO LIBERAL COLOMBIANO,1998.0,132.42424242424244,18480001.0,0.0,0.9242424242424242,0.0,0.0867293268663504,0.508616701364793,0.4119301210178253,0.0016219320090718,,,,,,,,,,,,,,,,,,,,,,,,,,,,,,0.9239543726235742,0.3307984790874524
252,PARTIDO LIBERAL COLOMBIANO,2002.0,124.71428571428572,18480001.0,20165.571428571428,0.8690476190476191,0.0,0.1055362914788953,0.3421615837346174,0.3549114829585377,0.0031292554840018,,,,,,,,,,,,,,,,,,,,,,,,,,,,,,0.914179104477612,0.4962686567164179
253,PARTIDO LIBERAL COLOMBIANO,2006.0,121.6923076923077,18480001.0,33674.88461538462,0.8461538461538461,0.0,0.1251473647535488,0.2343362282878411,0.4184476204165363,0.0052048371985054,,,,,,,,,,,,,,,,,,,,,,,,,,,,,,0.9156626506024096,0.5863453815261044
254,PARTIDO LIBERAL COLOMBIANO,2010.0,145.51923076923077,18480001.0,35561.057692307695,0.8846153846153846,0.0,0.0071752951826049,0.2012674825174824,0.3530157008427667,0.003479174529815,,,,,,,,,,,,,,,,,,,,,,,,,,,,,,0.9320754716981132,0.5245283018867924
255,PARTIDO LIBERAL COLOMBIANO,2014.0,140.5,18480001.0,36680.44642857143,0.8571428571428571,0.0,0.0349903897538883,0.2084670947030497,0.3088149018587005,0.0051069002487648,,,,,,,,,,,,,,,,,,,,,,,,,,,,,,0.9067164179104478,0.6007462686567164
256,PARTIDO LIBERAL COLOMBIANO,2018.0,134.77551020408163,18480001.0,47901.28571428572,0.9183673469387756,0.0,0.0029867683519189,0.1827422984402886,0.273713085200415,0.0048948658536073,,,,,,,,,,,,,,,,,,,,,,,,,,,,,,0.9090909090909092,0.3143939393939394
257,PARTIDO NACIONAL CRISTIANO - PNC,1991.0,51.0,19890001.0,0.0,1.0,1.0,3.568781805391961e-21,0.0,0.0,0.0,1465590.0,585298.0,541837.0,82085.0,141240.0,684023.0,159391.0,344994.0,179638.0,284646.0,217615.0,55951.0,11080.0,1555208.0,40554.0,25838.0,1119542.0,153837.0,20014.0,30848.0,164575.0,46038.0,300973.0,4290440.0,34.15943353129283,15.942956899525456,6.634424441316042,36.24821696609206,7.014968161773617,0.9125475285171104,0.3079847908745247
258,PARTIDO NACIONAL CRISTIANO - PNC,1994.0,51.0,19890001.0,0.0,1.0,1.0,9.52771600780197e-28,0.0,0.0,0.0,3942935.0,1638210.0,1289981.0,351458.0,396707.0,2165134.0,643956.0,982375.0,538803.0,848354.0,766500.0,67707.0,14147.0,2901675.0,145358.0,54673.0,2154616.0,82377.0,54452.0,63614.0,346585.0,64610.0,639584.0,10497682.0,37.56005373376713,20.62487699665507,8.081345958088653,27.641102102349837,6.092621209139313,0.908745247148289,0.2205323193916349
259,PARTIDO NACIONAL CRISTIANO - PNC,1998.0,41.0,19890001.0,0.0,1.0,1.0,4.987601680383357e-23,0.0,0.0,0.0,,,,,,,,,,,,,,,,,,,,,,,,,,,,,,0.9239543726235742,0.3307984790874524
260,PARTIDO NACIONAL CRISTIANO - PNC,2002.0,169.0,19890001.0,20230.0,1.0,0.0,8.055887979598735e-20,0.0037453183520599,0.0037453183520599,0.0,,,,,,,,,,,,,,,,,,,,,,,,,,,,,,0.914179104477612,0.4962686567164179
261,PARTIDO OPCION CIUDADANA,2014.0,148.54545454545453,20090001.0,49267.181818181816,0.9090909090909092,1.0,1.5481148471165544e-225,0.0374531835205992,0.0374531835205992,0.0,,,,,,,,,,,,,,,,,,,,,,,,,,,,,,0.9067164179104478,0.6007462686567164
262,PARTIDO OPCION CIUDADANA,2018.0,157.0,20090001.0,58658.5,1.0,1.0,6.221412608996618e-07,0.0057034220532318,0.2052423622952906,0.0031927553478652,,,,,,,,,,,,,,,,,,,,,,,,,,,,,,0.9090909090909092,0.3143939393939394
263,PARTIDO POPULAR COLOMBIANO,2002.0,18.0,19970006.0,0.0,1.0,1.0,3.933539052538445e-23,0.0,0.0,0.0,,,,,,,,,,,,,,,,,,,,,,,,,,,,,,0.914179104477612,0.4962686567164179
264,PARTIDO SOCIAL DE UNIDAD NACIONAL - PARTIDO DE LA U,2006.0,113.9375,20050002.0,35892.666666666664,0.9791666666666666,1.0,0.0473490949822609,0.2044690860215053,0.4064541419055595,0.0060415687698785,,,,,,,,,,,,,,,,,,,,,,,,,,,,,,0.9156626506024096,0.5863453815261044
265,PARTIDO SOCIAL DE UNIDAD NACIONAL - PARTIDO DE LA U,2010.0,128.93333333333334,20050002.0,41276.81333333333,0.96,1.0,0.1151514851021356,0.2871717171717171,0.3846109864206914,0.0035900315402692,,,,,,,,,,,,,,,,,,,,,,,,,,,,,,0.9320754716981132,0.5245283018867924
266,PARTIDO SOCIAL DE UNIDAD NACIONAL - PARTIDO DE LA U,2014.0,128.6315789473684,20050002.0,51728.47368421053,0.9298245614035088,1.0,0.1277993958120005,0.2115776332216308,0.3293909687049636,0.0077692786131415,,,,,,,,,,,,,,,,,,,,,,,,,,,,,,0.9067164179104478,0.6007462686567164
267,PARTIDO SOCIAL DE UNIDAD NACIONAL - PARTIDO DE LA U,2018.0,141.15384615384616,20050002.0,54580.82051282052,0.8717948717948718,0.0,0.0003128308646691,0.1474115238373793,0.2897377020467253,0.0044012279477727,,,,,,,,,,,,,,,,,,,,,,,,,,,,,,0.9090909090909092,0.3143939393939394
268,PARTIDO SOCIALDEMOCRATA COLOMBIANO - PSOC,2002.0,114.0,19900004.0,101660.0,1.0,1.0,3.933539052538445e-23,0.0,0.0,0.0,,,,,,,,,,,,,,,,,,,,,,,,,,,,,,0.914179104477612,0.4962686567164179
269,PARTIDO SOCIALISTA DEMOCRATICO - PSD,2002.0,104.0,19380001.0,0.0,1.0,1.0,3.933539052538445e-23,0.0,0.0,0.0,,,,,,,,,,,,,,,,,,,,,,,,,,,,,,0.914179104477612,0.4962686567164179
270,PARTIDO UNIDAD DEMOCRATICA,2002.0,139.0,19820001.0,24469.5,1.0,1.0,8.055887979598735e-20,0.0037453183520599,0.0037453183520599,0.0,,,,,,,,,,,,,,,,,,,,,,,,,,,,,,0.914179104477612,0.4962686567164179
271,POLO DEMOCRATICO ALTERNATIVO,2006.0,143.77777777777777,20050001.0,40073.444444444445,1.0,1.0,0.0017136966941553,0.0716845878136199,0.3298971107380228,0.0063945932300611,,,,,,,,,,,,,,,,,,,,,,,,,,,,,,0.9156626506024096,0.5863453815261044
272,POLO DEMOCRATICO ALTERNATIVO,2010.0,121.6153846153846,20050001.0,48467.53846153846,1.0,1.0,2.24224971476098e-28,0.0454545454545454,0.0454545454545454,0.0,,,,,,,,,,,,,,,,,,,,,,,,,,,,,,0.9320754716981132,0.5245283018867924
273,POLO DEMOCRATICO ALTERNATIVO,2014.0,119.5,20050001.0,55328.625,1.0,1.0,7.962668757402596e-269,0.0262172284644194,0.0262172284644194,0.0,,,,,,,,,,,,,,,,,,,,,,,,,,,,,,0.9067164179104478,0.6007462686567164
274,POLO DEMOCRATICO ALTERNATIVO,2018.0,122.14285714285714,20050001.0,82263.14285714286,1.0,0.0,1.1554038446469501e-151,0.0228136882129277,0.0228136882129277,0.0,,,,,,,,,,,,,,,,,,,,,,,,,,,,,,0.9090909090909092,0.3143939393939394
275,POR UN HUILA MEJOR,2014.0,98.0,20140034.0,24571.0,1.0,1.0,0.0,0.0,0.0,0.0,,,,,,,,,,,,,,,,,,,,,,,,,,,,,,0.9067164179104478,0.6007462686567164
276,UNIDAD LIBERAL,2010.0,123.5,20100070.0,20326.5,1.0,1.0,0.0033474449547408,0.0284090909090908,0.3088989753860442,0.0015822250384862,,,,,,,,,,,,,,,,,,,,,,,,,,,,,,0.9320754716981132,0.5245283018867924
277,UNION NACIONAL DE OPOSICION - UNO,1974.0,153.57142857142858,19720001.0,0.0,1.0,1.0,0.0073819977556885,0.0753838994881339,0.3455161221130215,0.0036618338975112,17455.0,6542.0,5870.0,937.0,2897.0,6604.0,1432.0,2950.0,2222.0,3822.0,2910.0,697.0,214.0,7177.0,465.0,306.0,3477.0,1838.0,258.0,316.0,517.0,,1948.0,37005.0,47.16930144575057,17.846236995000673,10.328334008917714,19.394676395081746,5.264153492771247,0.9837662337662336,1.0
278,UNION NACIONAL DE OPOSICION - UNO,1978.0,146.0,19720001.0,0.0,1.0,1.0,0.0068769414447056,0.0696774193548386,0.4052639380464094,0.1972732017955945,45405.0,20327.0,16469.0,3261.0,2965.0,19119.0,4578.0,8502.0,6039.0,13084.0,9830.0,2914.0,340.0,24268.0,1036.0,844.0,12940.0,4643.0,556.0,1500.0,2749.0,,3517.0,105393.0,43.08160883550141,18.140673479263327,12.414486730617783,23.026197185771352,3.337033768846128,0.9807073954983924,0.0192926045016077
279,UNION PATRIOTICA - UP,1986.0,153.0,19850001.0,0.0,1.0,1.0,2.6098176126847693e-57,0.0128205128205128,0.0128205128205128,0.0,380530.0,175461.0,130202.0,19204.0,36016.0,168207.0,36022.0,79066.0,53119.0,73738.0,52014.0,19505.0,2219.0,221629.0,9625.0,7240.0,132209.0,31327.0,6158.0,10150.0,24920.0,15637.0,57284.0,901388.0,42.21600465060551,18.6608874313836,8.180494969979632,24.58752501697382,6.355087931057437,0.9201277955271564,0.108626198083067
280,UNION PATRIOTICA - UP,1990.0,68.0,19850001.0,0.0,1.0,1.0,1.857193844899821e-40,0.0,0.0,0.0,1159826.0,470233.0,405935.0,68877.0,150847.0,544118.0,122849.0,289454.0,131815.0,242174.0,181304.0,45605.0,15265.0,871165.0,32447.0,19390.0,519393.0,146433.0,18058.0,25538.0,109906.0,34819.0,228608.0,3045891.0,38.07838166237728,17.86400104271624,7.950842627001426,28.601318957244366,7.505455710660689,0.8753993610223643,0.0798722044728434
281,UNION PATRIOTICA - UP,1991.0,166.25,19850001.0,0.0,1.0,1.0,9.355347375926702e-16,0.0114503816793893,0.0114503816793893,0.0,1465590.0,585298.0,541837.0,82085.0,141240.0,684023.0,159391.0,344994.0,179638.0,284646.0,217615.0,55951.0,11080.0,1555208.0,40554.0,25838.0,1119542.0,153837.0,20014.0,30848.0,164575.0,46038.0,300973.0,4290440.0,34.15943353129283,15.942956899525456,6.634424441316042,36.24821696609206,7.014968161773617,0.9125475285171104,0.3079847908745247
282,VAMOS COLOMBIA,1998.0,169.0,19970003.0,0.0,1.0,1.0,4.987601680383357e-23,0.0,0.0,0.0,,,,,,,,,,,,,,,,,,,,,,,,,,,,,,0.9239543726235742,0.3307984790874524
